rank,result
1,02:05:07
2,02:05:10
3,02:05:22
4,02:06:03
5,02:06:27
6,02:06:53
7,02:06:55
8,02:07:27
9,02:07:44
10,02:08:29
11,02:10:11
12,02:10:18
13,02:10:22
14,02:10:23
15,02:10:42
16,02:10:55
17,02:11:39
18,02:11:52
19,02:12:05
20,02:12:49
21,02:14:55
22,02:16:43
23,02:17:24
24,02:17:51
25,02:19:48
26,02:21:37
27,02:22:07
28,02:22:19
29,02:22:37
30,02:22:40
31,02:22:52
32,02:23:16
33,02:23:21
34,02:23:31
35,02:23:39
36,02:23:57
37,02:24:03
38,02:24:07
39,02:24:09
40,02:24:09
41,02:24:14
42,02:24:15
43,02:24:25
44,02:24:58
45,02:24:59
46,02:25:26
47,02:25:41
48,02:25:57
49,02:26:18
50,02:26:35
51,02:26:51
52,02:26:54
53,02:27:35
54,02:27:44
55,02:27:49
56,02:27:49
57,02:27:56
58,02:27:59
59,02:28:03
60,02:28:19
61,02:28:24
62,02:28:28
63,02:28:51
64,02:28:55
65,02:28:57
66,02:29:04
67,02:29:08
68,02:29:13
69,02:29:13
70,02:29:26
71,02:29:35
72,02:29:45
73,02:29:48
74,02:30:08
75,02:30:20
76,02:30:24
77,02:30:40
78,02:30:42
79,02:30:43
80,02:30:44
81,02:30:54
82,02:31:01
83,02:31:03
84,02:31:03
85,02:31:14
86,02:31:14
87,02:31:29
88,02:31:31
89,02:31:33
90,02:31:34
91,02:31:38
92,02:31:39
93,02:31:40
94,02:31:41
95,02:31:57
96,02:32:27
97,02:32:34
98,02:32:45
99,02:32:46
100,02:32:47
101,02:32:48
102,02:32:49
103,02:32:52
104,02:32:52
105,02:32:52
106,02:32:55
107,02:33:01
108,02:33:03
109,02:33:11
110,02:33:11
111,02:33:12
112,02:33:30
113,02:33:33
114,02:33:36
115,02:33:40
116,02:33:52
117,02:33:54
118,02:33:54
119,02:34:01
120,02:34:03
121,02:34:08
122,02:34:09
123,02:34:10
124,02:34:11
125,02:34:11
126,02:34:15
127,02:34:24
128,02:34:28
129,02:34:33
130,02:34:35
131,02:34:36
132,02:34:36
133,02:34:41
134,02:34:48
135,02:34:50
136,02:34:53
137,02:35:05
138,02:35:09
139,02:35:10
140,02:35:13
141,02:35:20
142,02:35:26
143,02:35:27
144,02:35:31
145,02:35:34
146,02:35:37
147,02:35:43
148,02:35:44
149,02:35:52
150,02:35:55
151,02:35:57
152,02:36:09
153,02:36:15
154,02:36:15
155,02:36:19
156,02:36:28
157,02:36:53
158,02:36:57
159,02:36:57
160,02:36:58
161,02:37:03
162,02:37:20
163,02:37:22
164,02:37:22
165,02:37:26
166,02:37:26
167,02:37:29
168,02:37:32
169,02:37:38
170,02:37:47
171,02:37:50
172,02:37:54
173,02:37:54
174,02:38:00
175,02:38:03
176,02:38:05
177,02:38:13
178,02:38:14
179,02:38:17
180,02:38:18
181,02:38:18
182,02:38:25
183,02:38:26
184,02:38:30
185,02:38:31
186,02:38:33
187,02:38:33
188,02:38:36
189,02:38:36
190,02:38:36
191,02:38:37
192,02:38:37
193,02:38:42
194,02:38:43
195,02:38:44
196,02:38:49
197,02:38:50
198,02:38:51
199,02:38:52
200,02:38:54
201,02:38:55
202,02:39:02
203,02:39:08
204,02:39:11
205,02:39:16
206,02:39:16
207,02:39:21
208,02:39:23
209,02:39:26
210,02:39:31
211,02:39:34
212,02:39:36
213,02:39:37
214,02:39:38
215,02:39:43
216,02:39:44
217,02:39:45
218,02:39:47
219,02:39:50
220,02:39:59
221,02:40:01
222,02:40:02
223,02:40:06
224,02:40:07
225,02:40:08
226,02:40:13
227,02:40:15
228,02:40:15
229,02:40:18
230,02:40:21
231,02:40:22
232,02:40:23
233,02:40:26
234,02:40:27
235,02:40:46
236,02:40:48
237,02:41:03
238,02:41:04
239,02:41:05
240,02:41:05
241,02:41:13
242,02:41:16
243,02:41:16
244,02:41:18
245,02:41:19
246,02:41:22
247,02:41:23
248,02:41:26
249,02:41:26
250,02:41:33
251,02:41:34
252,02:41:35
253,02:41:35
254,02:41:35
255,02:41:39
256,02:41:39
257,02:41:40
258,02:41:41
259,02:41:41
260,02:41:41
261,02:41:42
262,02:41:43
263,02:41:45
264,02:41:50
265,02:41:50
266,02:41:52
267,02:41:53
268,02:41:53
269,02:41:53
270,02:41:54
271,02:41:56
272,02:41:58
273,02:42:05
274,02:42:06
275,02:42:08
276,02:42:14
277,02:42:20
278,02:42:31
279,02:42:32
280,02:42:32
281,02:42:33
282,02:42:34
283,02:42:35
284,02:42:36
285,02:42:40
286,02:42:42
287,02:42:46
288,02:42:46
289,02:42:48
290,02:42:49
291,02:42:50
292,02:43:00
293,02:43:02
294,02:43:02
295,02:43:02
296,02:43:05
297,02:43:07
298,02:43:09
299,02:43:10
300,02:43:11
301,02:43:12
302,02:43:12
303,02:43:15
304,02:43:15
305,02:43:16
306,02:43:16
307,02:43:19
308,02:43:21
309,02:43:22
310,02:43:22
311,02:43:23
312,02:43:25
313,02:43:26
314,02:43:27
315,02:43:29
316,02:43:29
317,02:43:32
318,02:43:33
319,02:43:36
320,02:43:37
321,02:43:41
322,02:43:45
323,02:43:48
324,02:43:52
325,02:43:53
326,02:43:54
327,02:43:54
328,02:43:55
329,02:43:56
330,02:43:58
331,02:44:01
332,02:44:05
333,02:44:08
334,02:44:10
335,02:44:10
336,02:44:11
337,02:44:14
338,02:44:15
339,02:44:16
340,02:44:16
341,02:44:17
342,02:44:18
343,02:44:18
344,02:44:21
345,02:44:25
346,02:44:26
347,02:44:30
348,02:44:31
349,02:44:32
350,02:44:36
351,02:44:36
352,02:44:39
353,02:44:40
354,02:44:41
355,02:44:43
356,02:44:46
357,02:44:52
358,02:44:52
359,02:44:57
360,02:44:58
361,02:44:58
362,02:44:58
363,02:44:59
364,02:45:00
365,02:45:02
366,02:45:02
367,02:45:03
368,02:45:05
369,02:45:06
370,02:45:07
371,02:45:08
372,02:45:10
373,02:45:13
374,02:45:14
375,02:45:19
376,02:45:21
377,02:45:22
378,02:45:23
379,02:45:25
380,02:45:25
381,02:45:25
382,02:45:25
383,02:45:26
384,02:45:26
385,02:45:30
386,02:45:33
387,02:45:35
388,02:45:36
389,02:45:37
390,02:45:37
391,02:45:37
392,02:45:38
393,02:45:40
394,02:45:40
395,02:45:42
396,02:45:43
397,02:45:44
398,02:45:45
399,02:45:46
400,02:45:46
401,02:45:49
402,02:45:49
403,02:45:51
404,02:45:53
405,02:45:58
406,02:45:58
407,02:45:58
408,02:45:59
409,02:46:00
410,02:46:01
411,02:46:05
412,02:46:05
413,02:46:10
414,02:46:14
415,02:46:15
416,02:46:16
417,02:46:16
418,02:46:22
419,02:46:23
420,02:46:24
421,02:46:24
422,02:46:26
423,02:46:29
424,02:46:29
425,02:46:31
426,02:46:32
427,02:46:33
428,02:46:34
429,02:46:34
430,02:46:34
431,02:46:34
432,02:46:37
433,02:46:39
434,02:46:40
435,02:46:40
436,02:46:41
437,02:46:42
438,02:46:43
439,02:46:45
440,02:46:45
441,02:46:47
442,02:46:47
443,02:46:50
444,02:46:51
445,02:46:51
446,02:46:51
447,02:46:52
448,02:46:53
449,02:46:55
450,02:46:56
451,02:46:59
452,02:46:59
453,02:46:59
454,02:47:01
455,02:47:02
456,02:47:02
457,02:47:05
458,02:47:08
459,02:47:09
460,02:47:09
461,02:47:11
462,02:47:11
463,02:47:12
464,02:47:14
465,02:47:14
466,02:47:15
467,02:47:15
468,02:47:17
469,02:47:20
470,02:47:22
471,02:47:22
472,02:47:22
473,02:47:22
474,02:47:23
475,02:47:25
476,02:47:26
477,02:47:27
478,02:47:29
479,02:47:30
480,02:47:30
481,02:47:32
482,02:47:33
483,02:47:33
484,02:47:35
485,02:47:36
486,02:47:36
487,02:47:37
488,02:47:37
489,02:47:39
490,02:47:39
491,02:47:40
492,02:47:40
493,02:47:40
494,02:47:40
495,02:47:41
496,02:47:43
497,02:47:44
498,02:47:44
499,02:47:45
500,02:47:46
501,02:47:47
502,02:47:48
503,02:47:48
504,02:47:50
505,02:47:51
506,02:47:51
507,02:47:52
508,02:47:54
509,02:47:55
510,02:47:56
511,02:47:58
512,02:47:59
513,02:48:02
514,02:48:03
515,02:48:03
516,02:48:03
517,02:48:06
518,02:48:08
519,02:48:09
520,02:48:09
521,02:48:10
522,02:48:10
523,02:48:14
524,02:48:15
525,02:48:15
526,02:48:17
527,02:48:18
528,02:48:20
529,02:48:24
530,02:48:26
531,02:48:27
532,02:48:29
533,02:48:30
534,02:48:30
535,02:48:31
536,02:48:31
537,02:48:33
538,02:48:36
539,02:48:36
540,02:48:37
541,02:48:38
542,02:48:38
543,02:48:40
544,02:48:40
545,02:48:40
546,02:48:41
547,02:48:42
548,02:48:45
549,02:48:46
550,02:48:50
551,02:48:50
552,02:48:51
553,02:48:51
554,02:48:53
555,02:48:54
556,02:48:54
557,02:48:54
558,02:48:56
559,02:48:56
560,02:48:56
561,02:48:56
562,02:48:57
563,02:48:59
564,02:49:01
565,02:49:02
566,02:49:06
567,02:49:08
568,02:49:09
569,02:49:09
570,02:49:12
571,02:49:15
572,02:49:18
573,02:49:18
574,02:49:20
575,02:49:20
576,02:49:22
577,02:49:23
578,02:49:24
579,02:49:27
580,02:49:27
581,02:49:29
582,02:49:32
583,02:49:34
584,02:49:34
585,02:49:36
586,02:49:36
587,02:49:37
588,02:49:37
589,02:49:38
590,02:49:39
591,02:49:42
592,02:49:44
593,02:49:44
594,02:49:48
595,02:49:50
596,02:49:52
597,02:49:54
598,02:49:54
599,02:49:55
600,02:49:55
601,02:49:56
602,02:49:58
603,02:50:00
604,02:50:00
605,02:50:02
606,02:50:04
607,02:50:04
608,02:50:04
609,02:50:04
610,02:50:04
611,02:50:06
612,02:50:06
613,02:50:07
614,02:50:07
615,02:50:11
616,02:50:12
617,02:50:19
618,02:50:20
619,02:50:21
620,02:50:21
621,02:50:22
622,02:50:23
623,02:50:24
624,02:50:24
625,02:50:25
626,02:50:27
627,02:50:27
628,02:50:28
629,02:50:30
630,02:50:32
631,02:50:32
632,02:50:32
633,02:50:33
634,02:50:33
635,02:50:37
636,02:50:37
637,02:50:37
638,02:50:37
639,02:50:38
640,02:50:38
641,02:50:38
642,02:50:38
643,02:50:39
644,02:50:41
645,02:50:44
646,02:50:47
647,02:50:47
648,02:50:48
649,02:50:48
650,02:50:51
651,02:50:51
652,02:50:52
653,02:50:56
654,02:50:57
655,02:50:59
656,02:50:59
657,02:50:59
658,02:51:01
659,02:51:01
660,02:51:03
661,02:51:03
662,02:51:04
663,02:51:04
664,02:51:06
665,02:51:06
666,02:51:06
667,02:51:07
668,02:51:07
669,02:51:08
670,02:51:09
671,02:51:10
672,02:51:10
673,02:51:10
674,02:51:12
675,02:51:12
676,02:51:13
677,02:51:15
678,02:51:16
679,02:51:16
680,02:51:16
681,02:51:17
682,02:51:17
683,02:51:18
684,02:51:18
685,02:51:26
686,02:51:27
687,02:51:27
688,02:51:27
689,02:51:28
690,02:51:30
691,02:51:32
692,02:51:32
693,02:51:33
694,02:51:33
695,02:51:35
696,02:51:36
697,02:51:36
698,02:51:37
699,02:51:38
700,02:51:39
701,02:51:40
702,02:51:41
703,02:51:41
704,02:51:43
705,02:51:46
706,02:51:48
707,02:51:49
708,02:51:51
709,02:51:51
710,02:51:51
711,02:51:52
712,02:51:53
713,02:51:56
714,02:51:56
715,02:51:56
716,02:51:57
717,02:51:58
718,02:51:59
719,02:52:00
720,02:52:04
721,02:52:05
722,02:52:05
723,02:52:06
724,02:52:06
725,02:52:08
726,02:52:09
727,02:52:09
728,02:52:10
729,02:52:10
730,02:52:11
731,02:52:12
732,02:52:16
733,02:52:16
734,02:52:18
735,02:52:20
736,02:52:21
737,02:52:21
738,02:52:21
739,02:52:23
740,02:52:25
741,02:52:25
742,02:52:26
743,02:52:26
744,02:52:27
745,02:52:27
746,02:52:27
747,02:52:29
748,02:52:31
749,02:52:34
750,02:52:35
751,02:52:35
752,02:52:37
753,02:52:37
754,02:52:37
755,02:52:37
756,02:52:39
757,02:52:39
758,02:52:41
759,02:52:42
760,02:52:42
761,02:52:42
762,02:52:42
763,02:52:42
764,02:52:43
765,02:52:44
766,02:52:44
767,02:52:45
768,02:52:45
769,02:52:47
770,02:52:48
771,02:52:49
772,02:52:50
773,02:52:50
774,02:52:50
775,02:52:51
776,02:52:51
777,02:52:53
778,02:52:53
779,02:52:53
780,02:52:53
781,02:52:54
782,02:52:54
783,02:52:54
784,02:52:56
785,02:52:57
786,02:52:57
787,02:52:59
788,02:53:00
789,02:53:00
790,02:53:01
791,02:53:02
792,02:53:04
793,02:53:04
794,02:53:05
795,02:53:06
796,02:53:09
797,02:53:09
798,02:53:09
799,02:53:09
800,02:53:13
801,02:53:13
802,02:53:13
803,02:53:14
804,02:53:14
805,02:53:15
806,02:53:17
807,02:53:18
808,02:53:18
809,02:53:18
810,02:53:19
811,02:53:19
812,02:53:19
813,02:53:19
814,02:53:20
815,02:53:20
816,02:53:20
817,02:53:20
818,02:53:20
819,02:53:21
820,02:53:22
821,02:53:22
822,02:53:23
823,02:53:23
824,02:53:24
825,02:53:30
826,02:53:30
827,02:53:31
828,02:53:31
829,02:53:32
830,02:53:32
831,02:53:32
832,02:53:33
833,02:53:33
834,02:53:33
835,02:53:34
836,02:53:34
837,02:53:38
838,02:53:39
839,02:53:40
840,02:53:41
841,02:53:42
842,02:53:44
843,02:53:44
844,02:53:45
845,02:53:46
846,02:53:46
847,02:53:46
848,02:53:46
849,02:53:47
850,02:53:48
851,02:53:49
852,02:53:50
853,02:53:50
854,02:53:50
855,02:53:51
856,02:53:52
857,02:53:53
858,02:53:53
859,02:53:54
860,02:53:55
861,02:53:55
862,02:53:56
863,02:53:56
864,02:53:56
865,02:53:57
866,02:53:57
867,02:53:57
868,02:53:58
869,02:53:59
870,02:54:00
871,02:54:02
872,02:54:02
873,02:54:04
874,02:54:06
875,02:54:07
876,02:54:07
877,02:54:08
878,02:54:09
879,02:54:09
880,02:54:09
881,02:54:09
882,02:54:12
883,02:54:12
884,02:54:12
885,02:54:12
886,02:54:13
887,02:54:15
888,02:54:16
889,02:54:16
890,02:54:18
891,02:54:18
892,02:54:18
893,02:54:18
894,02:54:19
895,02:54:20
896,02:54:20
897,02:54:21
898,02:54:21
899,02:54:21
900,02:54:22
901,02:54:23
902,02:54:23
903,02:54:24
904,02:54:24
905,02:54:25
906,02:54:25
907,02:54:27
908,02:54:28
909,02:54:29
910,02:54:29
911,02:54:31
912,02:54:32
913,02:54:34
914,02:54:34
915,02:54:34
916,02:54:35
917,02:54:36
918,02:54:37
919,02:54:38
920,02:54:38
921,02:54:38
922,02:54:39
923,02:54:40
924,02:54:40
925,02:54:41
926,02:54:41
927,02:54:43
928,02:54:43
929,02:54:43
930,02:54:43
931,02:54:43
932,02:54:44
933,02:54:45
934,02:54:48
935,02:54:49
936,02:54:51
937,02:54:51
938,02:54:52
939,02:54:52
940,02:54:53
941,02:54:53
942,02:54:54
943,02:54:58
944,02:54:59
945,02:55:00
946,02:55:01
947,02:55:02
948,02:55:03
949,02:55:03
950,02:55:03
951,02:55:03
952,02:55:03
953,02:55:04
954,02:55:04
955,02:55:05
956,02:55:05
957,02:55:06
958,02:55:06
959,02:55:06
960,02:55:07
961,02:55:08
962,02:55:08
963,02:55:09
964,02:55:09
965,02:55:10
966,02:55:10
967,02:55:10
968,02:55:11
969,02:55:13
970,02:55:13
971,02:55:15
972,02:55:16
973,02:55:16
974,02:55:16
975,02:55:16
976,02:55:17
977,02:55:17
978,02:55:17
979,02:55:18
980,02:55:18
981,02:55:18
982,02:55:18
983,02:55:20
984,02:55:20
985,02:55:20
986,02:55:22
987,02:55:22
988,02:55:22
989,02:55:22
990,02:55:22
991,02:55:23
992,02:55:23
993,02:55:24
994,02:55:24
995,02:55:24
996,02:55:25
997,02:55:26
998,02:55:26
999,02:55:26
1000,02:55:26
1001,02:55:27
1002,02:55:28
1003,02:55:29
1004,02:55:30
1005,02:55:31
1006,02:55:31
1007,02:55:32
1008,02:55:32
1009,02:55:33
1010,02:55:33
1011,02:55:34
1012,02:55:34
1013,02:55:36
1014,02:55:37
1015,02:55:37
1016,02:55:37
1017,02:55:38
1018,02:55:40
1019,02:55:40
1020,02:55:41
1021,02:55:41
1022,02:55:41
1023,02:55:42
1024,02:55:43
1025,02:55:44
1026,02:55:45
1027,02:55:46
1028,02:55:47
1029,02:55:47
1030,02:55:47
1031,02:55:47
1032,02:55:47
1033,02:55:47
1034,02:55:48
1035,02:55:49
1036,02:55:51
1037,02:55:51
1038,02:55:52
1039,02:55:52
1040,02:55:53
1041,02:55:53
1042,02:55:54
1043,02:55:57
1044,02:55:58
1045,02:55:58
1046,02:55:59
1047,02:55:59
1048,02:55:59
1049,02:55:59
1050,02:56:00
1051,02:56:01
1052,02:56:01
1053,02:56:02
1054,02:56:02
1055,02:56:02
1056,02:56:03
1057,02:56:03
1058,02:56:04
1059,02:56:04
1060,02:56:05
1061,02:56:05
1062,02:56:05
1063,02:56:06
1064,02:56:06
1065,02:56:06
1066,02:56:07
1067,02:56:07
1068,02:56:08
1069,02:56:08
1070,02:56:08
1071,02:56:09
1072,02:56:09
1073,02:56:09
1074,02:56:10
1075,02:56:12
1076,02:56:12
1077,02:56:12
1078,02:56:13
1079,02:56:14
1080,02:56:14
1081,02:56:14
1082,02:56:15
1083,02:56:16
1084,02:56:17
1085,02:56:17
1086,02:56:19
1087,02:56:19
1088,02:56:20
1089,02:56:20
1090,02:56:23
1091,02:56:23
1092,02:56:23
1093,02:56:23
1094,02:56:24
1095,02:56:24
1096,02:56:24
1097,02:56:25
1098,02:56:26
1099,02:56:27
1100,02:56:27
1101,02:56:28
1102,02:56:29
1103,02:56:29
1104,02:56:30
1105,02:56:30
1106,02:56:30
1107,02:56:30
1108,02:56:31
1109,02:56:32
1110,02:56:33
1111,02:56:34
1112,02:56:34
1113,02:56:34
1114,02:56:35
1115,02:56:35
1116,02:56:36
1117,02:56:37
1118,02:56:37
1119,02:56:38
1120,02:56:38
1121,02:56:39
1122,02:56:39
1123,02:56:40
1124,02:56:41
1125,02:56:42
1126,02:56:43
1127,02:56:43
1128,02:56:44
1129,02:56:45
1130,02:56:45
1131,02:56:46
1132,02:56:46
1133,02:56:46
1134,02:56:46
1135,02:56:46
1136,02:56:48
1137,02:56:48
1138,02:56:48
1139,02:56:48
1140,02:56:48
1141,02:56:49
1142,02:56:49
1143,02:56:51
1144,02:56:51
1145,02:56:51
1146,02:56:52
1147,02:56:54
1148,02:56:55
1149,02:56:56
1150,02:56:56
1151,02:56:56
1152,02:56:56
1153,02:56:57
1154,02:56:58
1155,02:56:58
1156,02:56:59
1157,02:56:59
1158,02:57:00
1159,02:57:00
1160,02:57:01
1161,02:57:01
1162,02:57:01
1163,02:57:02
1164,02:57:03
1165,02:57:03
1166,02:57:03
1167,02:57:05
1168,02:57:05
1169,02:57:05
1170,02:57:06
1171,02:57:06
1172,02:57:06
1173,02:57:06
1174,02:57:06
1175,02:57:07
1176,02:57:07
1177,02:57:07
1178,02:57:08
1179,02:57:09
1180,02:57:10
1181,02:57:10
1182,02:57:11
1183,02:57:12
1184,02:57:13
1185,02:57:13
1186,02:57:14
1187,02:57:14
1188,02:57:14
1189,02:57:14
1190,02:57:14
1191,02:57:15
1192,02:57:15
1193,02:57:15
1194,02:57:15
1195,02:57:16
1196,02:57:16
1197,02:57:18
1198,02:57:18
1199,02:57:18
1200,02:57:19
1201,02:57:19
1202,02:57:20
1203,02:57:22
1204,02:57:22
1205,02:57:22
1206,02:57:23
1207,02:57:23
1208,02:57:24
1209,02:57:24
1210,02:57:24
1211,02:57:25
1212,02:57:26
1213,02:57:26
1214,02:57:26
1215,02:57:26
1216,02:57:26
1217,02:57:27
1218,02:57:27
1219,02:57:27
1220,02:57:28
1221,02:57:28
1222,02:57:29
1223,02:57:29
1224,02:57:30
1225,02:57:30
1226,02:57:30
1227,02:57:31
1228,02:57:32
1229,02:57:33
1230,02:57:33
1231,02:57:33
1232,02:57:35
1233,02:57:35
1234,02:57:36
1235,02:57:37
1236,02:57:37
1237,02:57:38
1238,02:57:38
1239,02:57:38
1240,02:57:39
1241,02:57:39
1242,02:57:39
1243,02:57:40
1244,02:57:40
1245,02:57:40
1246,02:57:41
1247,02:57:42
1248,02:57:42
1249,02:57:43
1250,02:57:43
1251,02:57:44
1252,02:57:44
1253,02:57:45
1254,02:57:45
1255,02:57:46
1256,02:57:46
1257,02:57:47
1258,02:57:47
1259,02:57:48
1260,02:57:48
1261,02:57:48
1262,02:57:48
1263,02:57:48
1264,02:57:48
1265,02:57:49
1266,02:57:49
1267,02:57:49
1268,02:57:50
1269,02:57:50
1270,02:57:50
1271,02:57:51
1272,02:57:51
1273,02:57:51
1274,02:57:51
1275,02:57:52
1276,02:57:52
1277,02:57:52
1278,02:57:52
1279,02:57:54
1280,02:57:54
1281,02:57:54
1282,02:57:54
1283,02:57:54
1284,02:57:55
1285,02:57:55
1286,02:57:55
1287,02:57:55
1288,02:57:56
1289,02:57:57
1290,02:57:57
1291,02:57:59
1292,02:57:59
1293,02:57:59
1294,02:58:00
1295,02:58:00
1296,02:58:00
1297,02:58:01
1298,02:58:01
1299,02:58:01
1300,02:58:02
1301,02:58:03
1302,02:58:04
1303,02:58:05
1304,02:58:05
1305,02:58:05
1306,02:58:06
1307,02:58:06
1308,02:58:06
1309,02:58:06
1310,02:58:08
1311,02:58:09
1312,02:58:09
1313,02:58:09
1314,02:58:10
1315,02:58:10
1316,02:58:10
1317,02:58:10
1318,02:58:10
1319,02:58:11
1320,02:58:12
1321,02:58:13
1322,02:58:13
1323,02:58:13
1324,02:58:13
1325,02:58:13
1326,02:58:13
1327,02:58:14
1328,02:58:15
1329,02:58:15
1330,02:58:16
1331,02:58:16
1332,02:58:17
1333,02:58:17
1334,02:58:18
1335,02:58:18
1336,02:58:18
1337,02:58:19
1338,02:58:19
1339,02:58:19
1340,02:58:19
1341,02:58:20
1342,02:58:20
1343,02:58:21
1344,02:58:21
1345,02:58:21
1346,02:58:22
1347,02:58:23
1348,02:58:24
1349,02:58:24
1350,02:58:24
1351,02:58:25
1352,02:58:26
1353,02:58:26
1354,02:58:26
1355,02:58:26
1356,02:58:27
1357,02:58:27
1358,02:58:27
1359,02:58:27
1360,02:58:27
1361,02:58:27
1362,02:58:28
1363,02:58:28
1364,02:58:28
1365,02:58:28
1366,02:58:28
1367,02:58:29
1368,02:58:29
1369,02:58:29
1370,02:58:29
1371,02:58:30
1372,02:58:30
1373,02:58:31
1374,02:58:31
1375,02:58:31
1376,02:58:32
1377,02:58:32
1378,02:58:34
1379,02:58:34
1380,02:58:35
1381,02:58:35
1382,02:58:36
1383,02:58:37
1384,02:58:38
1385,02:58:38
1386,02:58:38
1387,02:58:39
1388,02:58:39
1389,02:58:39
1390,02:58:39
1391,02:58:40
1392,02:58:40
1393,02:58:40
1394,02:58:40
1395,02:58:40
1396,02:58:41
1397,02:58:41
1398,02:58:41
1399,02:58:41
1400,02:58:42
1401,02:58:42
1402,02:58:42
1403,02:58:42
1404,02:58:42
1405,02:58:43
1406,02:58:44
1407,02:58:44
1408,02:58:44
1409,02:58:44
1410,02:58:45
1411,02:58:46
1412,02:58:46
1413,02:58:46
1414,02:58:46
1415,02:58:47
1416,02:58:47
1417,02:58:47
1418,02:58:47
1419,02:58:47
1420,02:58:48
1421,02:58:48
1422,02:58:48
1423,02:58:49
1424,02:58:49
1425,02:58:50
1426,02:58:50
1427,02:58:50
1428,02:58:51
1429,02:58:51
1430,02:58:51
1431,02:58:51
1432,02:58:53
1433,02:58:53
1434,02:58:54
1435,02:58:54
1436,02:58:56
1437,02:58:56
1438,02:58:56
1439,02:58:56
1440,02:58:57
1441,02:58:57
1442,02:58:58
1443,02:58:59
1444,02:58:59
1445,02:58:59
1446,02:58:59
1447,02:58:59
1448,02:59:00
1449,02:59:00
1450,02:59:00
1451,02:59:00
1452,02:59:00
1453,02:59:00
1454,02:59:01
1455,02:59:01
1456,02:59:01
1457,02:59:02
1458,02:59:02
1459,02:59:02
1460,02:59:02
1461,02:59:02
1462,02:59:02
1463,02:59:02
1464,02:59:03
1465,02:59:04
1466,02:59:04
1467,02:59:04
1468,02:59:05
1469,02:59:05
1470,02:59:06
1471,02:59:06
1472,02:59:07
1473,02:59:08
1474,02:59:08
1475,02:59:09
1476,02:59:09
1477,02:59:09
1478,02:59:09
1479,02:59:09
1480,02:59:09
1481,02:59:10
1482,02:59:10
1483,02:59:10
1484,02:59:10
1485,02:59:12
1486,02:59:12
1487,02:59:12
1488,02:59:12
1489,02:59:13
1490,02:59:13
1491,02:59:13
1492,02:59:13
1493,02:59:14
1494,02:59:14
1495,02:59:14
1496,02:59:14
1497,02:59:15
1498,02:59:15
1499,02:59:15
1500,02:59:16
1501,02:59:16
1502,02:59:16
1503,02:59:17
1504,02:59:17
1505,02:59:18
1506,02:59:18
1507,02:59:18
1508,02:59:19
1509,02:59:20
1510,02:59:20
1511,02:59:20
1512,02:59:20
1513,02:59:21
1514,02:59:21
1515,02:59:21
1516,02:59:22
1517,02:59:22
1518,02:59:22
1519,02:59:22
1520,02:59:22
1521,02:59:23
1522,02:59:23
1523,02:59:23
1524,02:59:23
1525,02:59:23
1526,02:59:24
1527,02:59:24
1528,02:59:24
1529,02:59:24
1530,02:59:25
1531,02:59:26
1532,02:59:26
1533,02:59:26
1534,02:59:27
1535,02:59:27
1536,02:59:27
1537,02:59:29
1538,02:59:30
1539,02:59:30
1540,02:59:31
1541,02:59:31
1542,02:59:31
1543,02:59:32
1544,02:59:32
1545,02:59:32
1546,02:59:32
1547,02:59:32
1548,02:59:33
1549,02:59:33
1550,02:59:33
1551,02:59:33
1552,02:59:33
1553,02:59:33
1554,02:59:35
1555,02:59:35
1556,02:59:35
1557,02:59:36
1558,02:59:36
1559,02:59:36
1560,02:59:36
1561,02:59:36
1562,02:59:38
1563,02:59:38
1564,02:59:39
1565,02:59:39
1566,02:59:39
1567,02:59:39
1568,02:59:39
1569,02:59:40
1570,02:59:40
1571,02:59:41
1572,02:59:41
1573,02:59:41
1574,02:59:41
1575,02:59:41
1576,02:59:41
1577,02:59:41
1578,02:59:42
1579,02:59:42
1580,02:59:43
1581,02:59:43
1582,02:59:43
1583,02:59:43
1584,02:59:43
1585,02:59:43
1586,02:59:43
1587,02:59:43
1588,02:59:43
1589,02:59:44
1590,02:59:44
1591,02:59:45
1592,02:59:45
1593,02:59:45
1594,02:59:45
1595,02:59:46
1596,02:59:46
1597,02:59:46
1598,02:59:46
1599,02:59:46
1600,02:59:46
1601,02:59:47
1602,02:59:47
1603,02:59:47
1604,02:59:48
1605,02:59:48
1606,02:59:48
1607,02:59:48
1608,02:59:49
1609,02:59:49
1610,02:59:49
1611,02:59:49
1612,02:59:50
1613,02:59:51
1614,02:59:51
1615,02:59:51
1616,02:59:51
1617,02:59:51
1618,02:59:51
1619,02:59:52
1620,02:59:53
1621,02:59:53
1622,02:59:53
1623,02:59:54
1624,02:59:54
1625,02:59:55
1626,02:59:55
1627,02:59:55
1628,02:59:55
1629,02:59:56
1630,02:59:56
1631,02:59:56
1632,02:59:56
1633,02:59:57
1634,02:59:57
1635,02:59:57
1636,02:59:57
1637,02:59:58
1638,02:59:58
1639,02:59:59
1640,02:59:59
1641,03:00:00
1642,03:00:00
1643,03:00:00
1644,03:00:01
1645,03:00:01
1646,03:00:01
1647,03:00:03
1648,03:00:03
1649,03:00:04
1650,03:00:04
1651,03:00:05
1652,03:00:06
1653,03:00:07
1654,03:00:08
1655,03:00:09
1656,03:00:10
1657,03:00:10
1658,03:00:11
1659,03:00:11
1660,03:00:12
1661,03:00:12
1662,03:00:13
1663,03:00:14
1664,03:00:16
1665,03:00:16
1666,03:00:17
1667,03:00:17
1668,03:00:18
1669,03:00:18
1670,03:00:18
1671,03:00:18
1672,03:00:19
1673,03:00:20
1674,03:00:20
1675,03:00:20
1676,03:00:21
1677,03:00:22
1678,03:00:22
1679,03:00:22
1680,03:00:22
1681,03:00:26
1682,03:00:27
1683,03:00:27
1684,03:00:27
1685,03:00:27
1686,03:00:27
1687,03:00:28
1688,03:00:28
1689,03:00:28
1690,03:00:29
1691,03:00:29
1692,03:00:29
1693,03:00:30
1694,03:00:30
1695,03:00:30
1696,03:00:30
1697,03:00:31
1698,03:00:31
1699,03:00:32
1700,03:00:32
1701,03:00:33
1702,03:00:33
1703,03:00:33
1704,03:00:33
1705,03:00:34
1706,03:00:34
1707,03:00:34
1708,03:00:34
1709,03:00:34
1710,03:00:34
1711,03:00:35
1712,03:00:36
1713,03:00:36
1714,03:00:37
1715,03:00:38
1716,03:00:38
1717,03:00:38
1718,03:00:38
1719,03:00:38
1720,03:00:39
1721,03:00:39
1722,03:00:39
1723,03:00:40
1724,03:00:41
1725,03:00:41
1726,03:00:41
1727,03:00:42
1728,03:00:44
1729,03:00:45
1730,03:00:45
1731,03:00:46
1732,03:00:47
1733,03:00:47
1734,03:00:48
1735,03:00:48
1736,03:00:49
1737,03:00:50
1738,03:00:51
1739,03:00:51
1740,03:00:52
1741,03:00:52
1742,03:00:53
1743,03:00:53
1744,03:00:54
1745,03:00:55
1746,03:00:55
1747,03:00:55
1748,03:00:57
1749,03:00:57
1750,03:00:58
1751,03:00:58
1752,03:00:58
1753,03:00:59
1754,03:00:59
1755,03:00:59
1756,03:01:00
1757,03:01:01
1758,03:01:01
1759,03:01:02
1760,03:01:02
1761,03:01:04
1762,03:01:04
1763,03:01:05
1764,03:01:05
1765,03:01:06
1766,03:01:07
1767,03:01:08
1768,03:01:08
1769,03:01:09
1770,03:01:10
1771,03:01:10
1772,03:01:11
1773,03:01:11
1774,03:01:11
1775,03:01:12
1776,03:01:13
1777,03:01:13
1778,03:01:14
1779,03:01:15
1780,03:01:16
1781,03:01:17
1782,03:01:18
1783,03:01:19
1784,03:01:19
1785,03:01:19
1786,03:01:19
1787,03:01:19
1788,03:01:20
1789,03:01:21
1790,03:01:21
1791,03:01:22
1792,03:01:22
1793,03:01:22
1794,03:01:22
1795,03:01:23
1796,03:01:25
1797,03:01:25
1798,03:01:25
1799,03:01:26
1800,03:01:27
1801,03:01:27
1802,03:01:28
1803,03:01:28
1804,03:01:29
1805,03:01:30
1806,03:01:31
1807,03:01:32
1808,03:01:32
1809,03:01:34
1810,03:01:37
1811,03:01:38
1812,03:01:39
1813,03:01:42
1814,03:01:42
1815,03:01:42
1816,03:01:42
1817,03:01:42
1818,03:01:42
1819,03:01:43
1820,03:01:43
1821,03:01:43
1822,03:01:45
1823,03:01:45
1824,03:01:49
1825,03:01:50
1826,03:01:50
1827,03:01:50
1828,03:01:51
1829,03:01:51
1830,03:01:53
1831,03:01:54
1832,03:01:54
1833,03:01:55
1834,03:01:55
1835,03:01:55
1836,03:01:57
1837,03:01:57
1838,03:01:58
1839,03:01:58
1840,03:01:59
1841,03:02:02
1842,03:02:03
1843,03:02:03
1844,03:02:05
1845,03:02:06
1846,03:02:06
1847,03:02:07
1848,03:02:07
1849,03:02:07
1850,03:02:08
1851,03:02:09
1852,03:02:09
1853,03:02:09
1854,03:02:09
1855,03:02:10
1856,03:02:10
1857,03:02:10
1858,03:02:11
1859,03:02:12
1860,03:02:12
1861,03:02:13
1862,03:02:14
1863,03:02:16
1864,03:02:17
1865,03:02:18
1866,03:02:18
1867,03:02:18
1868,03:02:20
1869,03:02:21
1870,03:02:21
1871,03:02:21
1872,03:02:21
1873,03:02:22
1874,03:02:22
1875,03:02:25
1876,03:02:26
1877,03:02:28
1878,03:02:28
1879,03:02:28
1880,03:02:29
1881,03:02:30
1882,03:02:30
1883,03:02:31
1884,03:02:31
1885,03:02:31
1886,03:02:34
1887,03:02:34
1888,03:02:36
1889,03:02:37
1890,03:02:37
1891,03:02:37
1892,03:02:37
1893,03:02:37
1894,03:02:37
1895,03:02:38
1896,03:02:38
1897,03:02:40
1898,03:02:41
1899,03:02:42
1900,03:02:43
1901,03:02:44
1902,03:02:44
1903,03:02:46
1904,03:02:46
1905,03:02:47
1906,03:02:47
1907,03:02:49
1908,03:02:50
1909,03:02:50
1910,03:02:50
1911,03:02:50
1912,03:02:50
1913,03:02:50
1914,03:02:50
1915,03:02:51
1916,03:02:52
1917,03:02:52
1918,03:02:53
1919,03:02:54
1920,03:02:54
1921,03:02:54
1922,03:02:55
1923,03:02:55
1924,03:02:55
1925,03:02:58
1926,03:02:58
1927,03:02:59
1928,03:02:59
1929,03:02:59
1930,03:03:00
1931,03:03:00
1932,03:03:00
1933,03:03:01
1934,03:03:01
1935,03:03:01
1936,03:03:02
1937,03:03:02
1938,03:03:02
1939,03:03:02
1940,03:03:03
1941,03:03:03
1942,03:03:04
1943,03:03:05
1944,03:03:05
1945,03:03:06
1946,03:03:07
1947,03:03:07
1948,03:03:07
1949,03:03:07
1950,03:03:07
1951,03:03:09
1952,03:03:10
1953,03:03:10
1954,03:03:13
1955,03:03:14
1956,03:03:14
1957,03:03:14
1958,03:03:14
1959,03:03:15
1960,03:03:15
1961,03:03:15
1962,03:03:15
1963,03:03:16
1964,03:03:17
1965,03:03:17
1966,03:03:17
1967,03:03:19
1968,03:03:19
1969,03:03:20
1970,03:03:20
1971,03:03:22
1972,03:03:23
1973,03:03:24
1974,03:03:25
1975,03:03:25
1976,03:03:25
1977,03:03:28
1978,03:03:29
1979,03:03:30
1980,03:03:31
1981,03:03:31
1982,03:03:32
1983,03:03:33
1984,03:03:34
1985,03:03:34
1986,03:03:34
1987,03:03:34
1988,03:03:37
1989,03:03:39
1990,03:03:39
1991,03:03:39
1992,03:03:40
1993,03:03:40
1994,03:03:40
1995,03:03:41
1996,03:03:42
1997,03:03:42
1998,03:03:42
1999,03:03:42
2000,03:03:43
2001,03:03:43
2002,03:03:44
2003,03:03:45
2004,03:03:45
2005,03:03:46
2006,03:03:47
2007,03:03:47
2008,03:03:47
2009,03:03:47
2010,03:03:47
2011,03:03:48
2012,03:03:48
2013,03:03:49
2014,03:03:50
2015,03:03:51
2016,03:03:51
2017,03:03:52
2018,03:03:53
2019,03:03:53
2020,03:03:55
2021,03:03:55
2022,03:03:55
2023,03:03:57
2024,03:03:58
2025,03:03:59
2026,03:03:59
2027,03:04:00
2028,03:04:00
2029,03:04:01
2030,03:04:01
2031,03:04:01
2032,03:04:02
2033,03:04:02
2034,03:04:02
2035,03:04:02
2036,03:04:02
2037,03:04:04
2038,03:04:04
2039,03:04:04
2040,03:04:04
2041,03:04:05
2042,03:04:06
2043,03:04:06
2044,03:04:07
2045,03:04:08
2046,03:04:08
2047,03:04:08
2048,03:04:08
2049,03:04:08
2050,03:04:11
2051,03:04:12
2052,03:04:15
2053,03:04:15
2054,03:04:15
2055,03:04:16
2056,03:04:17
2057,03:04:19
2058,03:04:19
2059,03:04:20
2060,03:04:20
2061,03:04:21
2062,03:04:22
2063,03:04:24
2064,03:04:24
2065,03:04:26
2066,03:04:26
2067,03:04:27
2068,03:04:30
2069,03:04:30
2070,03:04:31
2071,03:04:32
2072,03:04:32
2073,03:04:32
2074,03:04:33
2075,03:04:33
2076,03:04:34
2077,03:04:35
2078,03:04:35
2079,03:04:35
2080,03:04:35
2081,03:04:36
2082,03:04:36
2083,03:04:37
2084,03:04:37
2085,03:04:37
2086,03:04:37
2087,03:04:37
2088,03:04:38
2089,03:04:38
2090,03:04:39
2091,03:04:40
2092,03:04:42
2093,03:04:42
2094,03:04:42
2095,03:04:42
2096,03:04:44
2097,03:04:44
2098,03:04:45
2099,03:04:45
2100,03:04:47
2101,03:04:47
2102,03:04:48
2103,03:04:49
2104,03:04:49
2105,03:04:49
2106,03:04:49
2107,03:04:50
2108,03:04:50
2109,03:04:50
2110,03:04:50
2111,03:04:51
2112,03:04:52
2113,03:04:52
2114,03:04:52
2115,03:04:54
2116,03:04:54
2117,03:04:54
2118,03:04:55
2119,03:04:56
2120,03:04:58
2121,03:04:59
2122,03:04:59
2123,03:04:59
2124,03:04:59
2125,03:05:00
2126,03:05:00
2127,03:05:00
2128,03:05:01
2129,03:05:01
2130,03:05:02
2131,03:05:02
2132,03:05:02
2133,03:05:03
2134,03:05:04
2135,03:05:04
2136,03:05:05
2137,03:05:06
2138,03:05:08
2139,03:05:08
2140,03:05:08
2141,03:05:09
2142,03:05:09
2143,03:05:10
2144,03:05:10
2145,03:05:11
2146,03:05:12
2147,03:05:12
2148,03:05:13
2149,03:05:14
2150,03:05:14
2151,03:05:16
2152,03:05:17
2153,03:05:17
2154,03:05:17
2155,03:05:18
2156,03:05:18
2157,03:05:19
2158,03:05:20
2159,03:05:20
2160,03:05:21
2161,03:05:21
2162,03:05:21
2163,03:05:23
2164,03:05:23
2165,03:05:24
2166,03:05:24
2167,03:05:25
2168,03:05:25
2169,03:05:25
2170,03:05:26
2171,03:05:27
2172,03:05:28
2173,03:05:28
2174,03:05:30
2175,03:05:30
2176,03:05:30
2177,03:05:32
2178,03:05:34
2179,03:05:34
2180,03:05:36
2181,03:05:36
2182,03:05:38
2183,03:05:39
2184,03:05:39
2185,03:05:40
2186,03:05:41
2187,03:05:41
2188,03:05:41
2189,03:05:42
2190,03:05:43
2191,03:05:44
2192,03:05:44
2193,03:05:45
2194,03:05:45
2195,03:05:47
2196,03:05:48
2197,03:05:48
2198,03:05:48
2199,03:05:48
2200,03:05:49
2201,03:05:49
2202,03:05:50
2203,03:05:50
2204,03:05:53
2205,03:05:54
2206,03:05:54
2207,03:05:54
2208,03:05:54
2209,03:05:55
2210,03:05:55
2211,03:05:55
2212,03:05:56
2213,03:05:56
2214,03:05:57
2215,03:05:58
2216,03:05:59
2217,03:06:00
2218,03:06:00
2219,03:06:01
2220,03:06:02
2221,03:06:04
2222,03:06:04
2223,03:06:04
2224,03:06:05
2225,03:06:06
2226,03:06:07
2227,03:06:07
2228,03:06:08
2229,03:06:08
2230,03:06:09
2231,03:06:10
2232,03:06:10
2233,03:06:10
2234,03:06:11
2235,03:06:12
2236,03:06:12
2237,03:06:13
2238,03:06:14
2239,03:06:14
2240,03:06:15
2241,03:06:16
2242,03:06:16
2243,03:06:17
2244,03:06:17
2245,03:06:18
2246,03:06:18
2247,03:06:19
2248,03:06:19
2249,03:06:19
2250,03:06:19
2251,03:06:20
2252,03:06:21
2253,03:06:21
2254,03:06:21
2255,03:06:21
2256,03:06:22
2257,03:06:23
2258,03:06:24
2259,03:06:25
2260,03:06:25
2261,03:06:26
2262,03:06:26
2263,03:06:28
2264,03:06:28
2265,03:06:28
2266,03:06:29
2267,03:06:29
2268,03:06:29
2269,03:06:30
2270,03:06:30
2271,03:06:31
2272,03:06:31
2273,03:06:31
2274,03:06:31
2275,03:06:32
2276,03:06:33
2277,03:06:33
2278,03:06:35
2279,03:06:35
2280,03:06:35
2281,03:06:35
2282,03:06:35
2283,03:06:36
2284,03:06:36
2285,03:06:36
2286,03:06:37
2287,03:06:37
2288,03:06:38
2289,03:06:38
2290,03:06:38
2291,03:06:38
2292,03:06:38
2293,03:06:39
2294,03:06:39
2295,03:06:41
2296,03:06:42
2297,03:06:42
2298,03:06:42
2299,03:06:43
2300,03:06:43
2301,03:06:43
2302,03:06:44
2303,03:06:44
2304,03:06:45
2305,03:06:46
2306,03:06:46
2307,03:06:47
2308,03:06:47
2309,03:06:48
2310,03:06:49
2311,03:06:49
2312,03:06:49
2313,03:06:49
2314,03:06:50
2315,03:06:50
2316,03:06:51
2317,03:06:51
2318,03:06:51
2319,03:06:53
2320,03:06:53
2321,03:06:53
2322,03:06:54
2323,03:06:54
2324,03:06:55
2325,03:06:55
2326,03:06:56
2327,03:06:56
2328,03:06:56
2329,03:06:56
2330,03:06:56
2331,03:06:58
2332,03:06:58
2333,03:06:59
2334,03:06:59
2335,03:07:00
2336,03:07:00
2337,03:07:00
2338,03:07:00
2339,03:07:02
2340,03:07:03
2341,03:07:03
2342,03:07:03
2343,03:07:03
2344,03:07:04
2345,03:07:04
2346,03:07:04
2347,03:07:05
2348,03:07:05
2349,03:07:05
2350,03:07:06
2351,03:07:06
2352,03:07:07
2353,03:07:07
2354,03:07:07
2355,03:07:07
2356,03:07:09
2357,03:07:09
2358,03:07:10
2359,03:07:10
2360,03:07:11
2361,03:07:12
2362,03:07:12
2363,03:07:12
2364,03:07:14
2365,03:07:14
2366,03:07:15
2367,03:07:15
2368,03:07:15
2369,03:07:15
2370,03:07:16
2371,03:07:17
2372,03:07:18
2373,03:07:18
2374,03:07:18
2375,03:07:18
2376,03:07:19
2377,03:07:19
2378,03:07:20
2379,03:07:20
2380,03:07:20
2381,03:07:21
2382,03:07:21
2383,03:07:21
2384,03:07:22
2385,03:07:22
2386,03:07:22
2387,03:07:24
2388,03:07:25
2389,03:07:25
2390,03:07:27
2391,03:07:28
2392,03:07:28
2393,03:07:29
2394,03:07:29
2395,03:07:29
2396,03:07:30
2397,03:07:31
2398,03:07:32
2399,03:07:33
2400,03:07:35
2401,03:07:36
2402,03:07:37
2403,03:07:38
2404,03:07:38
2405,03:07:38
2406,03:07:39
2407,03:07:39
2408,03:07:39
2409,03:07:39
2410,03:07:39
2411,03:07:39
2412,03:07:40
2413,03:07:40
2414,03:07:43
2415,03:07:43
2416,03:07:44
2417,03:07:44
2418,03:07:46
2419,03:07:46
2420,03:07:48
2421,03:07:48
2422,03:07:49
2423,03:07:50
2424,03:07:50
2425,03:07:52
2426,03:07:52
2427,03:07:53
2428,03:07:53
2429,03:07:55
2430,03:07:55
2431,03:07:55
2432,03:07:56
2433,03:07:57
2434,03:08:00
2435,03:08:01
2436,03:08:01
2437,03:08:01
2438,03:08:02
2439,03:08:02
2440,03:08:04
2441,03:08:04
2442,03:08:04
2443,03:08:05
2444,03:08:05
2445,03:08:05
2446,03:08:07
2447,03:08:08
2448,03:08:09
2449,03:08:09
2450,03:08:09
2451,03:08:10
2452,03:08:10
2453,03:08:10
2454,03:08:10
2455,03:08:11
2456,03:08:11
2457,03:08:11
2458,03:08:12
2459,03:08:12
2460,03:08:13
2461,03:08:14
2462,03:08:14
2463,03:08:15
2464,03:08:16
2465,03:08:16
2466,03:08:17
2467,03:08:18
2468,03:08:19
2469,03:08:20
2470,03:08:20
2471,03:08:20
2472,03:08:20
2473,03:08:20
2474,03:08:21
2475,03:08:22
2476,03:08:22
2477,03:08:22
2478,03:08:22
2479,03:08:23
2480,03:08:24
2481,03:08:24
2482,03:08:25
2483,03:08:26
2484,03:08:26
2485,03:08:26
2486,03:08:27
2487,03:08:27
2488,03:08:28
2489,03:08:29
2490,03:08:29
2491,03:08:29
2492,03:08:30
2493,03:08:30
2494,03:08:32
2495,03:08:32
2496,03:08:32
2497,03:08:32
2498,03:08:32
2499,03:08:35
2500,03:08:36
2501,03:08:36
2502,03:08:37
2503,03:08:37
2504,03:08:37
2505,03:08:42
2506,03:08:42
2507,03:08:43
2508,03:08:45
2509,03:08:47
2510,03:08:47
2511,03:08:48
2512,03:08:48
2513,03:08:49
2514,03:08:49
2515,03:08:50
2516,03:08:50
2517,03:08:51
2518,03:08:51
2519,03:08:51
2520,03:08:52
2521,03:08:53
2522,03:08:53
2523,03:08:54
2524,03:08:54
2525,03:08:55
2526,03:08:55
2527,03:08:56
2528,03:08:56
2529,03:08:56
2530,03:08:56
2531,03:08:56
2532,03:08:56
2533,03:08:56
2534,03:08:57
2535,03:08:57
2536,03:08:58
2537,03:08:58
2538,03:08:58
2539,03:08:59
2540,03:09:00
2541,03:09:00
2542,03:09:00
2543,03:09:02
2544,03:09:02
2545,03:09:04
2546,03:09:04
2547,03:09:04
2548,03:09:05
2549,03:09:05
2550,03:09:06
2551,03:09:07
2552,03:09:08
2553,03:09:09
2554,03:09:09
2555,03:09:09
2556,03:09:10
2557,03:09:10
2558,03:09:10
2559,03:09:11
2560,03:09:12
2561,03:09:12
2562,03:09:12
2563,03:09:12
2564,03:09:12
2565,03:09:13
2566,03:09:13
2567,03:09:14
2568,03:09:14
2569,03:09:14
2570,03:09:15
2571,03:09:15
2572,03:09:16
2573,03:09:16
2574,03:09:17
2575,03:09:17
2576,03:09:18
2577,03:09:19
2578,03:09:19
2579,03:09:19
2580,03:09:20
2581,03:09:20
2582,03:09:20
2583,03:09:21
2584,03:09:21
2585,03:09:22
2586,03:09:22
2587,03:09:22
2588,03:09:23
2589,03:09:23
2590,03:09:25
2591,03:09:25
2592,03:09:26
2593,03:09:27
2594,03:09:27
2595,03:09:27
2596,03:09:28
2597,03:09:28
2598,03:09:28
2599,03:09:29
2600,03:09:30
2601,03:09:30
2602,03:09:30
2603,03:09:30
2604,03:09:30
2605,03:09:31
2606,03:09:31
2607,03:09:32
2608,03:09:32
2609,03:09:33
2610,03:09:33
2611,03:09:33
2612,03:09:33
2613,03:09:33
2614,03:09:34
2615,03:09:34
2616,03:09:34
2617,03:09:34
2618,03:09:34
2619,03:09:35
2620,03:09:35
2621,03:09:36
2622,03:09:37
2623,03:09:37
2624,03:09:37
2625,03:09:37
2626,03:09:38
2627,03:09:38
2628,03:09:40
2629,03:09:40
2630,03:09:40
2631,03:09:41
2632,03:09:41
2633,03:09:43
2634,03:09:43
2635,03:09:44
2636,03:09:44
2637,03:09:44
2638,03:09:44
2639,03:09:44
2640,03:09:45
2641,03:09:45
2642,03:09:46
2643,03:09:46
2644,03:09:46
2645,03:09:46
2646,03:09:46
2647,03:09:46
2648,03:09:46
2649,03:09:47
2650,03:09:48
2651,03:09:48
2652,03:09:48
2653,03:09:48
2654,03:09:48
2655,03:09:49
2656,03:09:49
2657,03:09:50
2658,03:09:50
2659,03:09:50
2660,03:09:51
2661,03:09:52
2662,03:09:52
2663,03:09:53
2664,03:09:54
2665,03:09:54
2666,03:09:55
2667,03:09:56
2668,03:09:56
2669,03:09:56
2670,03:09:57
2671,03:09:57
2672,03:09:58
2673,03:09:58
2674,03:09:58
2675,03:09:58
2676,03:09:58
2677,03:10:00
2678,03:10:00
2679,03:10:00
2680,03:10:00
2681,03:10:01
2682,03:10:02
2683,03:10:03
2684,03:10:05
2685,03:10:05
2686,03:10:05
2687,03:10:05
2688,03:10:06
2689,03:10:06
2690,03:10:07
2691,03:10:08
2692,03:10:09
2693,03:10:09
2694,03:10:10
2695,03:10:10
2696,03:10:10
2697,03:10:12
2698,03:10:12
2699,03:10:13
2700,03:10:14
2701,03:10:15
2702,03:10:15
2703,03:10:16
2704,03:10:16
2705,03:10:17
2706,03:10:17
2707,03:10:17
2708,03:10:17
2709,03:10:17
2710,03:10:18
2711,03:10:18
2712,03:10:18
2713,03:10:18
2714,03:10:18
2715,03:10:18
2716,03:10:18
2717,03:10:19
2718,03:10:20
2719,03:10:21
2720,03:10:21
2721,03:10:21
2722,03:10:22
2723,03:10:22
2724,03:10:23
2725,03:10:24
2726,03:10:25
2727,03:10:25
2728,03:10:26
2729,03:10:26
2730,03:10:27
2731,03:10:27
2732,03:10:27
2733,03:10:28
2734,03:10:29
2735,03:10:29
2736,03:10:30
2737,03:10:30
2738,03:10:30
2739,03:10:30
2740,03:10:31
2741,03:10:31
2742,03:10:32
2743,03:10:33
2744,03:10:33
2745,03:10:34
2746,03:10:34
2747,03:10:34
2748,03:10:35
2749,03:10:36
2750,03:10:36
2751,03:10:36
2752,03:10:37
2753,03:10:37
2754,03:10:37
2755,03:10:37
2756,03:10:37
2757,03:10:38
2758,03:10:38
2759,03:10:38
2760,03:10:39
2761,03:10:39
2762,03:10:39
2763,03:10:39
2764,03:10:41
2765,03:10:41
2766,03:10:41
2767,03:10:42
2768,03:10:42
2769,03:10:42
2770,03:10:43
2771,03:10:43
2772,03:10:43
2773,03:10:44
2774,03:10:44
2775,03:10:44
2776,03:10:45
2777,03:10:45
2778,03:10:45
2779,03:10:45
2780,03:10:45
2781,03:10:46
2782,03:10:46
2783,03:10:47
2784,03:10:47
2785,03:10:47
2786,03:10:48
2787,03:10:49
2788,03:10:49
2789,03:10:49
2790,03:10:49
2791,03:10:50
2792,03:10:50
2793,03:10:50
2794,03:10:51
2795,03:10:52
2796,03:10:53
2797,03:10:53
2798,03:10:53
2799,03:10:54
2800,03:10:54
2801,03:10:54
2802,03:10:54
2803,03:10:55
2804,03:10:55
2805,03:10:55
2806,03:10:56
2807,03:10:56
2808,03:10:56
2809,03:10:56
2810,03:10:56
2811,03:10:57
2812,03:10:57
2813,03:10:57
2814,03:10:58
2815,03:10:58
2816,03:10:58
2817,03:10:59
2818,03:10:59
2819,03:11:00
2820,03:11:00
2821,03:11:00
2822,03:11:02
2823,03:11:03
2824,03:11:03
2825,03:11:03
2826,03:11:04
2827,03:11:04
2828,03:11:05
2829,03:11:05
2830,03:11:05
2831,03:11:06
2832,03:11:06
2833,03:11:06
2834,03:11:07
2835,03:11:07
2836,03:11:07
2837,03:11:07
2838,03:11:07
2839,03:11:08
2840,03:11:08
2841,03:11:09
2842,03:11:09
2843,03:11:09
2844,03:11:09
2845,03:11:10
2846,03:11:10
2847,03:11:10
2848,03:11:12
2849,03:11:13
2850,03:11:13
2851,03:11:14
2852,03:11:15
2853,03:11:15
2854,03:11:15
2855,03:11:16
2856,03:11:16
2857,03:11:16
2858,03:11:17
2859,03:11:17
2860,03:11:17
2861,03:11:18
2862,03:11:19
2863,03:11:20
2864,03:11:22
2865,03:11:23
2866,03:11:23
2867,03:11:23
2868,03:11:23
2869,03:11:24
2870,03:11:25
2871,03:11:26
2872,03:11:26
2873,03:11:26
2874,03:11:26
2875,03:11:27
2876,03:11:27
2877,03:11:27
2878,03:11:28
2879,03:11:30
2880,03:11:30
2881,03:11:30
2882,03:11:30
2883,03:11:30
2884,03:11:30
2885,03:11:31
2886,03:11:31
2887,03:11:31
2888,03:11:31
2889,03:11:32
2890,03:11:32
2891,03:11:32
2892,03:11:32
2893,03:11:32
2894,03:11:34
2895,03:11:34
2896,03:11:35
2897,03:11:35
2898,03:11:36
2899,03:11:36
2900,03:11:36
2901,03:11:36
2902,03:11:37
2903,03:11:38
2904,03:11:38
2905,03:11:38
2906,03:11:39
2907,03:11:39
2908,03:11:39
2909,03:11:39
2910,03:11:39
2911,03:11:40
2912,03:11:40
2913,03:11:40
2914,03:11:40
2915,03:11:41
2916,03:11:42
2917,03:11:42
2918,03:11:43
2919,03:11:44
2920,03:11:44
2921,03:11:44
2922,03:11:45
2923,03:11:45
2924,03:11:45
2925,03:11:46
2926,03:11:46
2927,03:11:46
2928,03:11:46
2929,03:11:46
2930,03:11:46
2931,03:11:46
2932,03:11:47
2933,03:11:48
2934,03:11:48
2935,03:11:48
2936,03:11:48
2937,03:11:49
2938,03:11:49
2939,03:11:49
2940,03:11:49
2941,03:11:50
2942,03:11:50
2943,03:11:50
2944,03:11:51
2945,03:11:51
2946,03:11:51
2947,03:11:52
2948,03:11:52
2949,03:11:52
2950,03:11:53
2951,03:11:53
2952,03:11:53
2953,03:11:54
2954,03:11:55
2955,03:11:56
2956,03:11:56
2957,03:11:56
2958,03:11:57
2959,03:11:57
2960,03:11:58
2961,03:11:58
2962,03:11:58
2963,03:11:59
2964,03:11:59
2965,03:12:00
2966,03:12:00
2967,03:12:00
2968,03:12:01
2969,03:12:01
2970,03:12:01
2971,03:12:02
2972,03:12:02
2973,03:12:02
2974,03:12:07
2975,03:12:07
2976,03:12:08
2977,03:12:08
2978,03:12:08
2979,03:12:08
2980,03:12:08
2981,03:12:08
2982,03:12:09
2983,03:12:09
2984,03:12:09
2985,03:12:09
2986,03:12:09
2987,03:12:09
2988,03:12:09
2989,03:12:10
2990,03:12:10
2991,03:12:10
2992,03:12:11
2993,03:12:11
2994,03:12:11
2995,03:12:11
2996,03:12:11
2997,03:12:12
2998,03:12:12
2999,03:12:12
3000,03:12:12
3001,03:12:12
3002,03:12:13
3003,03:12:14
3004,03:12:15
3005,03:12:15
3006,03:12:15
3007,03:12:16
3008,03:12:17
3009,03:12:18
3010,03:12:18
3011,03:12:18
3012,03:12:18
3013,03:12:18
3014,03:12:18
3015,03:12:18
3016,03:12:18
3017,03:12:18
3018,03:12:19
3019,03:12:19
3020,03:12:19
3021,03:12:20
3022,03:12:21
3023,03:12:22
3024,03:12:22
3025,03:12:22
3026,03:12:23
3027,03:12:24
3028,03:12:25
3029,03:12:25
3030,03:12:25
3031,03:12:26
3032,03:12:26
3033,03:12:26
3034,03:12:26
3035,03:12:27
3036,03:12:27
3037,03:12:27
3038,03:12:28
3039,03:12:28
3040,03:12:29
3041,03:12:29
3042,03:12:29
3043,03:12:29
3044,03:12:29
3045,03:12:30
3046,03:12:30
3047,03:12:30
3048,03:12:30
3049,03:12:30
3050,03:12:30
3051,03:12:30
3052,03:12:31
3053,03:12:31
3054,03:12:31
3055,03:12:31
3056,03:12:31
3057,03:12:32
3058,03:12:32
3059,03:12:33
3060,03:12:33
3061,03:12:33
3062,03:12:33
3063,03:12:33
3064,03:12:34
3065,03:12:34
3066,03:12:34
3067,03:12:34
3068,03:12:36
3069,03:12:37
3070,03:12:37
3071,03:12:37
3072,03:12:38
3073,03:12:38
3074,03:12:38
3075,03:12:39
3076,03:12:39
3077,03:12:39
3078,03:12:39
3079,03:12:39
3080,03:12:39
3081,03:12:40
3082,03:12:40
3083,03:12:40
3084,03:12:40
3085,03:12:40
3086,03:12:41
3087,03:12:41
3088,03:12:41
3089,03:12:41
3090,03:12:42
3091,03:12:42
3092,03:12:42
3093,03:12:42
3094,03:12:43
3095,03:12:43
3096,03:12:45
3097,03:12:45
3098,03:12:46
3099,03:12:46
3100,03:12:46
3101,03:12:46
3102,03:12:46
3103,03:12:46
3104,03:12:47
3105,03:12:47
3106,03:12:47
3107,03:12:47
3108,03:12:48
3109,03:12:48
3110,03:12:49
3111,03:12:49
3112,03:12:49
3113,03:12:50
3114,03:12:50
3115,03:12:51
3116,03:12:51
3117,03:12:51
3118,03:12:51
3119,03:12:51
3120,03:12:52
3121,03:12:52
3122,03:12:52
3123,03:12:52
3124,03:12:53
3125,03:12:53
3126,03:12:53
3127,03:12:54
3128,03:12:54
3129,03:12:54
3130,03:12:54
3131,03:12:54
3132,03:12:54
3133,03:12:55
3134,03:12:56
3135,03:12:56
3136,03:12:56
3137,03:12:57
3138,03:12:57
3139,03:12:58
3140,03:12:58
3141,03:12:58
3142,03:12:58
3143,03:12:59
3144,03:13:00
3145,03:13:00
3146,03:13:01
3147,03:13:01
3148,03:13:01
3149,03:13:01
3150,03:13:01
3151,03:13:02
3152,03:13:02
3153,03:13:02
3154,03:13:03
3155,03:13:03
3156,03:13:04
3157,03:13:04
3158,03:13:05
3159,03:13:05
3160,03:13:06
3161,03:13:06
3162,03:13:06
3163,03:13:07
3164,03:13:07
3165,03:13:07
3166,03:13:08
3167,03:13:08
3168,03:13:08
3169,03:13:08
3170,03:13:09
3171,03:13:09
3172,03:13:10
3173,03:13:10
3174,03:13:11
3175,03:13:11
3176,03:13:11
3177,03:13:11
3178,03:13:11
3179,03:13:11
3180,03:13:12
3181,03:13:12
3182,03:13:12
3183,03:13:12
3184,03:13:13
3185,03:13:14
3186,03:13:14
3187,03:13:14
3188,03:13:14
3189,03:13:15
3190,03:13:15
3191,03:13:17
3192,03:13:17
3193,03:13:17
3194,03:13:18
3195,03:13:18
3196,03:13:18
3197,03:13:18
3198,03:13:19
3199,03:13:20
3200,03:13:20
3201,03:13:21
3202,03:13:21
3203,03:13:21
3204,03:13:21
3205,03:13:22
3206,03:13:22
3207,03:13:23
3208,03:13:23
3209,03:13:23
3210,03:13:23
3211,03:13:24
3212,03:13:25
3213,03:13:25
3214,03:13:25
3215,03:13:25
3216,03:13:25
3217,03:13:25
3218,03:13:25
3219,03:13:25
3220,03:13:25
3221,03:13:26
3222,03:13:29
3223,03:13:29
3224,03:13:29
3225,03:13:29
3226,03:13:30
3227,03:13:30
3228,03:13:30
3229,03:13:30
3230,03:13:30
3231,03:13:31
3232,03:13:31
3233,03:13:31
3234,03:13:31
3235,03:13:31
3236,03:13:32
3237,03:13:32
3238,03:13:33
3239,03:13:33
3240,03:13:33
3241,03:13:34
3242,03:13:34
3243,03:13:34
3244,03:13:35
3245,03:13:36
3246,03:13:36
3247,03:13:36
3248,03:13:36
3249,03:13:36
3250,03:13:37
3251,03:13:37
3252,03:13:37
3253,03:13:38
3254,03:13:38
3255,03:13:38
3256,03:13:38
3257,03:13:39
3258,03:13:39
3259,03:13:39
3260,03:13:39
3261,03:13:39
3262,03:13:39
3263,03:13:39
3264,03:13:40
3265,03:13:40
3266,03:13:40
3267,03:13:40
3268,03:13:41
3269,03:13:41
3270,03:13:42
3271,03:13:42
3272,03:13:42
3273,03:13:43
3274,03:13:43
3275,03:13:44
3276,03:13:44
3277,03:13:44
3278,03:13:44
3279,03:13:44
3280,03:13:44
3281,03:13:44
3282,03:13:44
3283,03:13:45
3284,03:13:46
3285,03:13:46
3286,03:13:46
3287,03:13:47
3288,03:13:47
3289,03:13:47
3290,03:13:47
3291,03:13:48
3292,03:13:48
3293,03:13:48
3294,03:13:48
3295,03:13:48
3296,03:13:48
3297,03:13:48
3298,03:13:49
3299,03:13:49
3300,03:13:49
3301,03:13:50
3302,03:13:50
3303,03:13:50
3304,03:13:51
3305,03:13:51
3306,03:13:51
3307,03:13:51
3308,03:13:51
3309,03:13:52
3310,03:13:52
3311,03:13:52
3312,03:13:53
3313,03:13:54
3314,03:13:54
3315,03:13:54
3316,03:13:54
3317,03:13:55
3318,03:13:55
3319,03:13:55
3320,03:13:55
3321,03:13:56
3322,03:13:56
3323,03:13:57
3324,03:13:57
3325,03:13:57
3326,03:13:58
3327,03:13:58
3328,03:13:59
3329,03:13:59
3330,03:13:59
3331,03:13:59
3332,03:13:59
3333,03:13:59
3334,03:13:59
3335,03:13:59
3336,03:13:59
3337,03:14:00
3338,03:14:00
3339,03:14:00
3340,03:14:00
3341,03:14:00
3342,03:14:00
3343,03:14:01
3344,03:14:01
3345,03:14:01
3346,03:14:01
3347,03:14:01
3348,03:14:01
3349,03:14:02
3350,03:14:02
3351,03:14:02
3352,03:14:02
3353,03:14:03
3354,03:14:03
3355,03:14:03
3356,03:14:03
3357,03:14:03
3358,03:14:03
3359,03:14:03
3360,03:14:04
3361,03:14:05
3362,03:14:05
3363,03:14:06
3364,03:14:06
3365,03:14:06
3366,03:14:06
3367,03:14:07
3368,03:14:07
3369,03:14:07
3370,03:14:08
3371,03:14:08
3372,03:14:08
3373,03:14:08
3374,03:14:09
3375,03:14:09
3376,03:14:09
3377,03:14:10
3378,03:14:10
3379,03:14:10
3380,03:14:11
3381,03:14:11
3382,03:14:11
3383,03:14:11
3384,03:14:12
3385,03:14:12
3386,03:14:13
3387,03:14:13
3388,03:14:13
3389,03:14:13
3390,03:14:13
3391,03:14:13
3392,03:14:15
3393,03:14:15
3394,03:14:15
3395,03:14:15
3396,03:14:15
3397,03:14:15
3398,03:14:15
3399,03:14:15
3400,03:14:15
3401,03:14:16
3402,03:14:16
3403,03:14:17
3404,03:14:17
3405,03:14:17
3406,03:14:17
3407,03:14:18
3408,03:14:19
3409,03:14:19
3410,03:14:20
3411,03:14:21
3412,03:14:21
3413,03:14:22
3414,03:14:22
3415,03:14:22
3416,03:14:23
3417,03:14:24
3418,03:14:25
3419,03:14:26
3420,03:14:26
3421,03:14:26
3422,03:14:26
3423,03:14:27
3424,03:14:27
3425,03:14:27
3426,03:14:27
3427,03:14:27
3428,03:14:27
3429,03:14:27
3430,03:14:27
3431,03:14:27
3432,03:14:28
3433,03:14:28
3434,03:14:28
3435,03:14:29
3436,03:14:29
3437,03:14:29
3438,03:14:30
3439,03:14:30
3440,03:14:30
3441,03:14:30
3442,03:14:30
3443,03:14:30
3444,03:14:31
3445,03:14:31
3446,03:14:31
3447,03:14:31
3448,03:14:32
3449,03:14:32
3450,03:14:32
3451,03:14:32
3452,03:14:32
3453,03:14:33
3454,03:14:33
3455,03:14:33
3456,03:14:33
3457,03:14:33
3458,03:14:34
3459,03:14:34
3460,03:14:34
3461,03:14:34
3462,03:14:35
3463,03:14:35
3464,03:14:35
3465,03:14:35
3466,03:14:35
3467,03:14:36
3468,03:14:36
3469,03:14:36
3470,03:14:37
3471,03:14:38
3472,03:14:38
3473,03:14:38
3474,03:14:38
3475,03:14:38
3476,03:14:39
3477,03:14:39
3478,03:14:39
3479,03:14:39
3480,03:14:39
3481,03:14:40
3482,03:14:40
3483,03:14:41
3484,03:14:41
3485,03:14:41
3486,03:14:41
3487,03:14:41
3488,03:14:41
3489,03:14:41
3490,03:14:42
3491,03:14:42
3492,03:14:42
3493,03:14:43
3494,03:14:45
3495,03:14:45
3496,03:14:45
3497,03:14:45
3498,03:14:46
3499,03:14:47
3500,03:14:47
3501,03:14:47
3502,03:14:47
3503,03:14:48
3504,03:14:48
3505,03:14:48
3506,03:14:49
3507,03:14:49
3508,03:14:49
3509,03:14:50
3510,03:14:50
3511,03:14:50
3512,03:14:51
3513,03:14:51
3514,03:14:51
3515,03:14:52
3516,03:14:52
3517,03:14:52
3518,03:14:52
3519,03:14:52
3520,03:14:52
3521,03:14:53
3522,03:14:53
3523,03:14:53
3524,03:14:54
3525,03:14:54
3526,03:14:54
3527,03:14:55
3528,03:14:55
3529,03:14:55
3530,03:14:55
3531,03:14:56
3532,03:14:56
3533,03:14:56
3534,03:14:57
3535,03:14:57
3536,03:14:58
3537,03:14:58
3538,03:14:58
3539,03:14:58
3540,03:14:58
3541,03:14:59
3542,03:14:59
3543,03:15:00
3544,03:15:01
3545,03:15:01
3546,03:15:01
3547,03:15:01
3548,03:15:02
3549,03:15:03
3550,03:15:03
3551,03:15:03
3552,03:15:04
3553,03:15:05
3554,03:15:05
3555,03:15:05
3556,03:15:05
3557,03:15:06
3558,03:15:06
3559,03:15:06
3560,03:15:06
3561,03:15:06
3562,03:15:06
3563,03:15:07
3564,03:15:07
3565,03:15:08
3566,03:15:08
3567,03:15:09
3568,03:15:10
3569,03:15:10
3570,03:15:11
3571,03:15:11
3572,03:15:12
3573,03:15:12
3574,03:15:13
3575,03:15:13
3576,03:15:13
3577,03:15:13
3578,03:15:14
3579,03:15:15
3580,03:15:15
3581,03:15:16
3582,03:15:16
3583,03:15:17
3584,03:15:17
3585,03:15:17
3586,03:15:18
3587,03:15:18
3588,03:15:18
3589,03:15:18
3590,03:15:18
3591,03:15:18
3592,03:15:19
3593,03:15:19
3594,03:15:19
3595,03:15:19
3596,03:15:20
3597,03:15:21
3598,03:15:21
3599,03:15:21
3600,03:15:21
3601,03:15:21
3602,03:15:22
3603,03:15:23
3604,03:15:24
3605,03:15:24
3606,03:15:24
3607,03:15:24
3608,03:15:24
3609,03:15:25
3610,03:15:25
3611,03:15:25
3612,03:15:25
3613,03:15:25
3614,03:15:25
3615,03:15:26
3616,03:15:26
3617,03:15:26
3618,03:15:26
3619,03:15:28
3620,03:15:28
3621,03:15:28
3622,03:15:29
3623,03:15:29
3624,03:15:29
3625,03:15:29
3626,03:15:29
3627,03:15:30
3628,03:15:30
3629,03:15:31
3630,03:15:31
3631,03:15:32
3632,03:15:32
3633,03:15:32
3634,03:15:32
3635,03:15:32
3636,03:15:32
3637,03:15:32
3638,03:15:33
3639,03:15:33
3640,03:15:33
3641,03:15:34
3642,03:15:34
3643,03:15:34
3644,03:15:34
3645,03:15:35
3646,03:15:35
3647,03:15:35
3648,03:15:35
3649,03:15:35
3650,03:15:35
3651,03:15:35
3652,03:15:36
3653,03:15:36
3654,03:15:37
3655,03:15:37
3656,03:15:37
3657,03:15:37
3658,03:15:38
3659,03:15:39
3660,03:15:40
3661,03:15:40
3662,03:15:40
3663,03:15:41
3664,03:15:41
3665,03:15:41
3666,03:15:41
3667,03:15:42
3668,03:15:43
3669,03:15:43
3670,03:15:43
3671,03:15:44
3672,03:15:44
3673,03:15:44
3674,03:15:44
3675,03:15:45
3676,03:15:45
3677,03:15:45
3678,03:15:45
3679,03:15:46
3680,03:15:46
3681,03:15:47
3682,03:15:47
3683,03:15:47
3684,03:15:47
3685,03:15:47
3686,03:15:47
3687,03:15:49
3688,03:15:49
3689,03:15:49
3690,03:15:49
3691,03:15:49
3692,03:15:50
3693,03:15:51
3694,03:15:52
3695,03:15:54
3696,03:15:54
3697,03:15:55
3698,03:15:55
3699,03:15:55
3700,03:15:55
3701,03:15:56
3702,03:15:56
3703,03:15:56
3704,03:15:56
3705,03:15:56
3706,03:15:57
3707,03:15:58
3708,03:15:58
3709,03:15:58
3710,03:15:59
3711,03:15:59
3712,03:15:59
3713,03:16:00
3714,03:16:00
3715,03:16:00
3716,03:16:02
3717,03:16:02
3718,03:16:03
3719,03:16:03
3720,03:16:03
3721,03:16:04
3722,03:16:04
3723,03:16:05
3724,03:16:05
3725,03:16:06
3726,03:16:06
3727,03:16:06
3728,03:16:06
3729,03:16:08
3730,03:16:08
3731,03:16:08
3732,03:16:08
3733,03:16:08
3734,03:16:09
3735,03:16:10
3736,03:16:10
3737,03:16:11
3738,03:16:12
3739,03:16:12
3740,03:16:12
3741,03:16:12
3742,03:16:13
3743,03:16:13
3744,03:16:14
3745,03:16:14
3746,03:16:14
3747,03:16:15
3748,03:16:16
3749,03:16:16
3750,03:16:17
3751,03:16:17
3752,03:16:18
3753,03:16:18
3754,03:16:19
3755,03:16:19
3756,03:16:19
3757,03:16:20
3758,03:16:20
3759,03:16:20
3760,03:16:20
3761,03:16:20
3762,03:16:21
3763,03:16:22
3764,03:16:23
3765,03:16:23
3766,03:16:25
3767,03:16:25
3768,03:16:25
3769,03:16:25
3770,03:16:25
3771,03:16:26
3772,03:16:26
3773,03:16:27
3774,03:16:27
3775,03:16:27
3776,03:16:28
3777,03:16:28
3778,03:16:28
3779,03:16:29
3780,03:16:29
3781,03:16:29
3782,03:16:29
3783,03:16:29
3784,03:16:29
3785,03:16:30
3786,03:16:30
3787,03:16:31
3788,03:16:31
3789,03:16:32
3790,03:16:32
3791,03:16:33
3792,03:16:34
3793,03:16:34
3794,03:16:34
3795,03:16:35
3796,03:16:35
3797,03:16:35
3798,03:16:35
3799,03:16:36
3800,03:16:36
3801,03:16:36
3802,03:16:36
3803,03:16:37
3804,03:16:37
3805,03:16:37
3806,03:16:37
3807,03:16:37
3808,03:16:38
3809,03:16:38
3810,03:16:38
3811,03:16:38
3812,03:16:38
3813,03:16:39
3814,03:16:39
3815,03:16:40
3816,03:16:40
3817,03:16:40
3818,03:16:40
3819,03:16:41
3820,03:16:41
3821,03:16:42
3822,03:16:42
3823,03:16:42
3824,03:16:42
3825,03:16:42
3826,03:16:42
3827,03:16:42
3828,03:16:43
3829,03:16:43
3830,03:16:43
3831,03:16:43
3832,03:16:44
3833,03:16:44
3834,03:16:44
3835,03:16:45
3836,03:16:45
3837,03:16:45
3838,03:16:45
3839,03:16:45
3840,03:16:46
3841,03:16:47
3842,03:16:48
3843,03:16:48
3844,03:16:48
3845,03:16:49
3846,03:16:49
3847,03:16:49
3848,03:16:49
3849,03:16:49
3850,03:16:50
3851,03:16:51
3852,03:16:51
3853,03:16:51
3854,03:16:52
3855,03:16:52
3856,03:16:54
3857,03:16:54
3858,03:16:54
3859,03:16:54
3860,03:16:54
3861,03:16:55
3862,03:16:55
3863,03:16:56
3864,03:16:56
3865,03:16:56
3866,03:16:56
3867,03:16:57
3868,03:16:58
3869,03:16:58
3870,03:16:58
3871,03:16:58
3872,03:16:58
3873,03:16:58
3874,03:16:59
3875,03:16:59
3876,03:16:59
3877,03:16:59
3878,03:17:00
3879,03:17:00
3880,03:17:00
3881,03:17:01
3882,03:17:02
3883,03:17:02
3884,03:17:02
3885,03:17:03
3886,03:17:03
3887,03:17:03
3888,03:17:04
3889,03:17:04
3890,03:17:04
3891,03:17:05
3892,03:17:05
3893,03:17:05
3894,03:17:06
3895,03:17:06
3896,03:17:06
3897,03:17:06
3898,03:17:07
3899,03:17:07
3900,03:17:07
3901,03:17:07
3902,03:17:07
3903,03:17:08
3904,03:17:09
3905,03:17:10
3906,03:17:10
3907,03:17:10
3908,03:17:11
3909,03:17:11
3910,03:17:11
3911,03:17:12
3912,03:17:12
3913,03:17:12
3914,03:17:12
3915,03:17:13
3916,03:17:13
3917,03:17:13
3918,03:17:13
3919,03:17:14
3920,03:17:14
3921,03:17:14
3922,03:17:15
3923,03:17:15
3924,03:17:16
3925,03:17:17
3926,03:17:17
3927,03:17:18
3928,03:17:18
3929,03:17:18
3930,03:17:18
3931,03:17:19
3932,03:17:19
3933,03:17:19
3934,03:17:20
3935,03:17:20
3936,03:17:20
3937,03:17:21
3938,03:17:21
3939,03:17:22
3940,03:17:22
3941,03:17:22
3942,03:17:22
3943,03:17:23
3944,03:17:23
3945,03:17:23
3946,03:17:24
3947,03:17:24
3948,03:17:24
3949,03:17:24
3950,03:17:25
3951,03:17:25
3952,03:17:26
3953,03:17:27
3954,03:17:27
3955,03:17:28
3956,03:17:28
3957,03:17:28
3958,03:17:29
3959,03:17:29
3960,03:17:29
3961,03:17:29
3962,03:17:30
3963,03:17:30
3964,03:17:30
3965,03:17:30
3966,03:17:31
3967,03:17:31
3968,03:17:33
3969,03:17:33
3970,03:17:33
3971,03:17:33
3972,03:17:34
3973,03:17:34
3974,03:17:34
3975,03:17:35
3976,03:17:35
3977,03:17:35
3978,03:17:35
3979,03:17:36
3980,03:17:36
3981,03:17:37
3982,03:17:37
3983,03:17:37
3984,03:17:37
3985,03:17:38
3986,03:17:38
3987,03:17:39
3988,03:17:39
3989,03:17:39
3990,03:17:40
3991,03:17:40
3992,03:17:40
3993,03:17:40
3994,03:17:41
3995,03:17:41
3996,03:17:42
3997,03:17:42
3998,03:17:42
3999,03:17:43
4000,03:17:44
4001,03:17:44
4002,03:17:44
4003,03:17:44
4004,03:17:44
4005,03:17:44
4006,03:17:44
4007,03:17:45
4008,03:17:45
4009,03:17:45
4010,03:17:47
4011,03:17:47
4012,03:17:48
4013,03:17:49
4014,03:17:50
4015,03:17:50
4016,03:17:51
4017,03:17:51
4018,03:17:52
4019,03:17:52
4020,03:17:52
4021,03:17:52
4022,03:17:52
4023,03:17:52
4024,03:17:53
4025,03:17:53
4026,03:17:53
4027,03:17:53
4028,03:17:54
4029,03:17:54
4030,03:17:55
4031,03:17:55
4032,03:17:55
4033,03:17:55
4034,03:17:55
4035,03:17:55
4036,03:17:56
4037,03:17:56
4038,03:17:56
4039,03:17:56
4040,03:17:57
4041,03:17:58
4042,03:17:59
4043,03:17:59
4044,03:17:59
4045,03:17:59
4046,03:17:59
4047,03:18:00
4048,03:18:00
4049,03:18:00
4050,03:18:01
4051,03:18:01
4052,03:18:02
4053,03:18:02
4054,03:18:03
4055,03:18:04
4056,03:18:05
4057,03:18:05
4058,03:18:06
4059,03:18:06
4060,03:18:06
4061,03:18:06
4062,03:18:07
4063,03:18:07
4064,03:18:07
4065,03:18:08
4066,03:18:09
4067,03:18:09
4068,03:18:09
4069,03:18:09
4070,03:18:10
4071,03:18:10
4072,03:18:10
4073,03:18:10
4074,03:18:10
4075,03:18:10
4076,03:18:11
4077,03:18:11
4078,03:18:12
4079,03:18:12
4080,03:18:12
4081,03:18:12
4082,03:18:13
4083,03:18:13
4084,03:18:13
4085,03:18:14
4086,03:18:14
4087,03:18:14
4088,03:18:14
4089,03:18:15
4090,03:18:15
4091,03:18:15
4092,03:18:15
4093,03:18:15
4094,03:18:16
4095,03:18:17
4096,03:18:17
4097,03:18:18
4098,03:18:18
4099,03:18:20
4100,03:18:20
4101,03:18:21
4102,03:18:21
4103,03:18:21
4104,03:18:22
4105,03:18:22
4106,03:18:23
4107,03:18:24
4108,03:18:24
4109,03:18:24
4110,03:18:24
4111,03:18:25
4112,03:18:25
4113,03:18:25
4114,03:18:25
4115,03:18:26
4116,03:18:27
4117,03:18:27
4118,03:18:27
4119,03:18:27
4120,03:18:28
4121,03:18:28
4122,03:18:28
4123,03:18:29
4124,03:18:29
4125,03:18:29
4126,03:18:29
4127,03:18:30
4128,03:18:30
4129,03:18:31
4130,03:18:31
4131,03:18:31
4132,03:18:32
4133,03:18:33
4134,03:18:33
4135,03:18:33
4136,03:18:33
4137,03:18:34
4138,03:18:34
4139,03:18:35
4140,03:18:35
4141,03:18:35
4142,03:18:35
4143,03:18:35
4144,03:18:36
4145,03:18:36
4146,03:18:36
4147,03:18:37
4148,03:18:37
4149,03:18:37
4150,03:18:37
4151,03:18:37
4152,03:18:37
4153,03:18:38
4154,03:18:38
4155,03:18:38
4156,03:18:38
4157,03:18:39
4158,03:18:40
4159,03:18:40
4160,03:18:40
4161,03:18:41
4162,03:18:41
4163,03:18:41
4164,03:18:41
4165,03:18:42
4166,03:18:42
4167,03:18:42
4168,03:18:42
4169,03:18:42
4170,03:18:43
4171,03:18:43
4172,03:18:43
4173,03:18:43
4174,03:18:43
4175,03:18:44
4176,03:18:44
4177,03:18:44
4178,03:18:45
4179,03:18:45
4180,03:18:46
4181,03:18:46
4182,03:18:46
4183,03:18:47
4184,03:18:47
4185,03:18:47
4186,03:18:48
4187,03:18:49
4188,03:18:49
4189,03:18:49
4190,03:18:50
4191,03:18:50
4192,03:18:50
4193,03:18:51
4194,03:18:51
4195,03:18:51
4196,03:18:52
4197,03:18:52
4198,03:18:52
4199,03:18:52
4200,03:18:52
4201,03:18:53
4202,03:18:54
4203,03:18:54
4204,03:18:54
4205,03:18:55
4206,03:18:55
4207,03:18:55
4208,03:18:56
4209,03:18:57
4210,03:18:57
4211,03:18:57
4212,03:18:57
4213,03:18:57
4214,03:18:57
4215,03:18:57
4216,03:18:57
4217,03:18:58
4218,03:18:58
4219,03:18:59
4220,03:18:59
4221,03:19:00
4222,03:19:00
4223,03:19:00
4224,03:19:01
4225,03:19:01
4226,03:19:01
4227,03:19:02
4228,03:19:02
4229,03:19:02
4230,03:19:02
4231,03:19:03
4232,03:19:03
4233,03:19:03
4234,03:19:03
4235,03:19:03
4236,03:19:04
4237,03:19:04
4238,03:19:04
4239,03:19:05
4240,03:19:05
4241,03:19:06
4242,03:19:06
4243,03:19:06
4244,03:19:06
4245,03:19:07
4246,03:19:07
4247,03:19:08
4248,03:19:08
4249,03:19:08
4250,03:19:08
4251,03:19:08
4252,03:19:09
4253,03:19:10
4254,03:19:11
4255,03:19:12
4256,03:19:12
4257,03:19:12
4258,03:19:12
4259,03:19:12
4260,03:19:12
4261,03:19:12
4262,03:19:14
4263,03:19:14
4264,03:19:15
4265,03:19:15
4266,03:19:15
4267,03:19:15
4268,03:19:15
4269,03:19:15
4270,03:19:16
4271,03:19:16
4272,03:19:16
4273,03:19:17
4274,03:19:17
4275,03:19:17
4276,03:19:17
4277,03:19:18
4278,03:19:19
4279,03:19:19
4280,03:19:19
4281,03:19:19
4282,03:19:20
4283,03:19:20
4284,03:19:21
4285,03:19:21
4286,03:19:22
4287,03:19:22
4288,03:19:22
4289,03:19:22
4290,03:19:23
4291,03:19:23
4292,03:19:23
4293,03:19:25
4294,03:19:25
4295,03:19:26
4296,03:19:26
4297,03:19:26
4298,03:19:26
4299,03:19:26
4300,03:19:27
4301,03:19:27
4302,03:19:27
4303,03:19:28
4304,03:19:28
4305,03:19:29
4306,03:19:29
4307,03:19:29
4308,03:19:30
4309,03:19:30
4310,03:19:30
4311,03:19:31
4312,03:19:31
4313,03:19:32
4314,03:19:32
4315,03:19:32
4316,03:19:32
4317,03:19:32
4318,03:19:32
4319,03:19:32
4320,03:19:32
4321,03:19:33
4322,03:19:33
4323,03:19:33
4324,03:19:34
4325,03:19:34
4326,03:19:34
4327,03:19:35
4328,03:19:35
4329,03:19:36
4330,03:19:36
4331,03:19:37
4332,03:19:37
4333,03:19:37
4334,03:19:37
4335,03:19:38
4336,03:19:38
4337,03:19:38
4338,03:19:38
4339,03:19:38
4340,03:19:38
4341,03:19:39
4342,03:19:39
4343,03:19:40
4344,03:19:40
4345,03:19:41
4346,03:19:41
4347,03:19:43
4348,03:19:43
4349,03:19:43
4350,03:19:43
4351,03:19:43
4352,03:19:43
4353,03:19:44
4354,03:19:44
4355,03:19:44
4356,03:19:44
4357,03:19:45
4358,03:19:45
4359,03:19:45
4360,03:19:45
4361,03:19:46
4362,03:19:46
4363,03:19:47
4364,03:19:48
4365,03:19:48
4366,03:19:48
4367,03:19:48
4368,03:19:48
4369,03:19:48
4370,03:19:49
4371,03:19:49
4372,03:19:49
4373,03:19:50
4374,03:19:50
4375,03:19:50
4376,03:19:50
4377,03:19:50
4378,03:19:51
4379,03:19:51
4380,03:19:52
4381,03:19:53
4382,03:19:55
4383,03:19:55
4384,03:19:55
4385,03:19:55
4386,03:19:55
4387,03:19:56
4388,03:19:56
4389,03:19:56
4390,03:19:56
4391,03:19:57
4392,03:19:57
4393,03:19:57
4394,03:19:57
4395,03:19:58
4396,03:19:58
4397,03:19:58
4398,03:20:00
4399,03:20:01
4400,03:20:01
4401,03:20:01
4402,03:20:02
4403,03:20:02
4404,03:20:04
4405,03:20:04
4406,03:20:04
4407,03:20:04
4408,03:20:05
4409,03:20:05
4410,03:20:05
4411,03:20:05
4412,03:20:05
4413,03:20:06
4414,03:20:06
4415,03:20:06
4416,03:20:06
4417,03:20:07
4418,03:20:07
4419,03:20:08
4420,03:20:08
4421,03:20:09
4422,03:20:09
4423,03:20:09
4424,03:20:10
4425,03:20:10
4426,03:20:10
4427,03:20:11
4428,03:20:11
4429,03:20:12
4430,03:20:12
4431,03:20:12
4432,03:20:12
4433,03:20:13
4434,03:20:13
4435,03:20:13
4436,03:20:13
4437,03:20:14
4438,03:20:14
4439,03:20:14
4440,03:20:15
4441,03:20:15
4442,03:20:16
4443,03:20:16
4444,03:20:16
4445,03:20:17
4446,03:20:18
4447,03:20:18
4448,03:20:18
4449,03:20:18
4450,03:20:18
4451,03:20:18
4452,03:20:19
4453,03:20:19
4454,03:20:19
4455,03:20:19
4456,03:20:21
4457,03:20:21
4458,03:20:21
4459,03:20:21
4460,03:20:22
4461,03:20:22
4462,03:20:22
4463,03:20:22
4464,03:20:22
4465,03:20:22
4466,03:20:23
4467,03:20:23
4468,03:20:23
4469,03:20:24
4470,03:20:24
4471,03:20:24
4472,03:20:24
4473,03:20:24
4474,03:20:25
4475,03:20:25
4476,03:20:25
4477,03:20:25
4478,03:20:26
4479,03:20:26
4480,03:20:26
4481,03:20:26
4482,03:20:26
4483,03:20:27
4484,03:20:27
4485,03:20:27
4486,03:20:28
4487,03:20:28
4488,03:20:28
4489,03:20:29
4490,03:20:29
4491,03:20:29
4492,03:20:29
4493,03:20:30
4494,03:20:30
4495,03:20:30
4496,03:20:31
4497,03:20:31
4498,03:20:31
4499,03:20:32
4500,03:20:32
4501,03:20:32
4502,03:20:33
4503,03:20:33
4504,03:20:33
4505,03:20:34
4506,03:20:35
4507,03:20:35
4508,03:20:35
4509,03:20:35
4510,03:20:35
4511,03:20:36
4512,03:20:36
4513,03:20:36
4514,03:20:36
4515,03:20:36
4516,03:20:37
4517,03:20:37
4518,03:20:37
4519,03:20:37
4520,03:20:39
4521,03:20:39
4522,03:20:40
4523,03:20:40
4524,03:20:40
4525,03:20:40
4526,03:20:40
4527,03:20:40
4528,03:20:40
4529,03:20:40
4530,03:20:41
4531,03:20:41
4532,03:20:42
4533,03:20:43
4534,03:20:43
4535,03:20:43
4536,03:20:43
4537,03:20:44
4538,03:20:44
4539,03:20:44
4540,03:20:45
4541,03:20:45
4542,03:20:46
4543,03:20:46
4544,03:20:46
4545,03:20:46
4546,03:20:46
4547,03:20:47
4548,03:20:47
4549,03:20:47
4550,03:20:47
4551,03:20:47
4552,03:20:47
4553,03:20:47
4554,03:20:48
4555,03:20:49
4556,03:20:49
4557,03:20:50
4558,03:20:50
4559,03:20:51
4560,03:20:51
4561,03:20:51
4562,03:20:51
4563,03:20:51
4564,03:20:51
4565,03:20:51
4566,03:20:51
4567,03:20:52
4568,03:20:52
4569,03:20:53
4570,03:20:53
4571,03:20:53
4572,03:20:53
4573,03:20:54
4574,03:20:54
4575,03:20:55
4576,03:20:55
4577,03:20:55
4578,03:20:56
4579,03:20:56
4580,03:20:56
4581,03:20:57
4582,03:20:57
4583,03:20:57
4584,03:20:57
4585,03:20:58
4586,03:20:58
4587,03:20:58
4588,03:20:58
4589,03:20:58
4590,03:21:00
4591,03:21:01
4592,03:21:01
4593,03:21:01
4594,03:21:01
4595,03:21:01
4596,03:21:02
4597,03:21:02
4598,03:21:02
4599,03:21:02
4600,03:21:02
4601,03:21:03
4602,03:21:03
4603,03:21:03
4604,03:21:04
4605,03:21:04
4606,03:21:04
4607,03:21:04
4608,03:21:05
4609,03:21:05
4610,03:21:05
4611,03:21:06
4612,03:21:06
4613,03:21:06
4614,03:21:06
4615,03:21:07
4616,03:21:07
4617,03:21:07
4618,03:21:07
4619,03:21:08
4620,03:21:08
4621,03:21:08
4622,03:21:08
4623,03:21:08
4624,03:21:09
4625,03:21:09
4626,03:21:10
4627,03:21:10
4628,03:21:10
4629,03:21:11
4630,03:21:11
4631,03:21:11
4632,03:21:11
4633,03:21:12
4634,03:21:12
4635,03:21:13
4636,03:21:13
4637,03:21:13
4638,03:21:13
4639,03:21:14
4640,03:21:14
4641,03:21:15
4642,03:21:16
4643,03:21:17
4644,03:21:18
4645,03:21:18
4646,03:21:19
4647,03:21:19
4648,03:21:19
4649,03:21:20
4650,03:21:20
4651,03:21:20
4652,03:21:21
4653,03:21:22
4654,03:21:22
4655,03:21:22
4656,03:21:22
4657,03:21:23
4658,03:21:23
4659,03:21:23
4660,03:21:23
4661,03:21:23
4662,03:21:24
4663,03:21:25
4664,03:21:25
4665,03:21:25
4666,03:21:26
4667,03:21:26
4668,03:21:27
4669,03:21:27
4670,03:21:27
4671,03:21:27
4672,03:21:27
4673,03:21:27
4674,03:21:28
4675,03:21:28
4676,03:21:28
4677,03:21:29
4678,03:21:29
4679,03:21:30
4680,03:21:30
4681,03:21:30
4682,03:21:31
4683,03:21:31
4684,03:21:31
4685,03:21:31
4686,03:21:32
4687,03:21:32
4688,03:21:32
4689,03:21:33
4690,03:21:33
4691,03:21:33
4692,03:21:34
4693,03:21:34
4694,03:21:35
4695,03:21:35
4696,03:21:35
4697,03:21:35
4698,03:21:36
4699,03:21:36
4700,03:21:36
4701,03:21:36
4702,03:21:37
4703,03:21:39
4704,03:21:39
4705,03:21:39
4706,03:21:39
4707,03:21:40
4708,03:21:40
4709,03:21:41
4710,03:21:41
4711,03:21:41
4712,03:21:42
4713,03:21:42
4714,03:21:43
4715,03:21:43
4716,03:21:44
4717,03:21:44
4718,03:21:44
4719,03:21:44
4720,03:21:44
4721,03:21:45
4722,03:21:45
4723,03:21:45
4724,03:21:45
4725,03:21:45
4726,03:21:45
4727,03:21:46
4728,03:21:47
4729,03:21:47
4730,03:21:47
4731,03:21:47
4732,03:21:47
4733,03:21:48
4734,03:21:49
4735,03:21:49
4736,03:21:49
4737,03:21:49
4738,03:21:50
4739,03:21:50
4740,03:21:50
4741,03:21:50
4742,03:21:50
4743,03:21:50
4744,03:21:51
4745,03:21:51
4746,03:21:51
4747,03:21:51
4748,03:21:51
4749,03:21:51
4750,03:21:52
4751,03:21:52
4752,03:21:52
4753,03:21:53
4754,03:21:53
4755,03:21:53
4756,03:21:54
4757,03:21:54
4758,03:21:54
4759,03:21:55
4760,03:21:55
4761,03:21:55
4762,03:21:55
4763,03:21:55
4764,03:21:55
4765,03:21:55
4766,03:21:55
4767,03:21:55
4768,03:21:56
4769,03:21:57
4770,03:21:57
4771,03:21:57
4772,03:21:57
4773,03:21:57
4774,03:21:57
4775,03:21:57
4776,03:21:57
4777,03:21:58
4778,03:21:58
4779,03:21:58
4780,03:21:59
4781,03:21:59
4782,03:21:59
4783,03:21:59
4784,03:22:00
4785,03:22:00
4786,03:22:00
4787,03:22:00
4788,03:22:02
4789,03:22:03
4790,03:22:04
4791,03:22:04
4792,03:22:05
4793,03:22:05
4794,03:22:05
4795,03:22:06
4796,03:22:06
4797,03:22:06
4798,03:22:06
4799,03:22:07
4800,03:22:07
4801,03:22:07
4802,03:22:07
4803,03:22:07
4804,03:22:07
4805,03:22:07
4806,03:22:07
4807,03:22:08
4808,03:22:08
4809,03:22:09
4810,03:22:09
4811,03:22:09
4812,03:22:09
4813,03:22:10
4814,03:22:10
4815,03:22:11
4816,03:22:11
4817,03:22:12
4818,03:22:12
4819,03:22:13
4820,03:22:13
4821,03:22:14
4822,03:22:15
4823,03:22:15
4824,03:22:15
4825,03:22:15
4826,03:22:15
4827,03:22:15
4828,03:22:16
4829,03:22:16
4830,03:22:16
4831,03:22:17
4832,03:22:17
4833,03:22:17
4834,03:22:17
4835,03:22:18
4836,03:22:18
4837,03:22:20
4838,03:22:21
4839,03:22:22
4840,03:22:22
4841,03:22:22
4842,03:22:22
4843,03:22:23
4844,03:22:23
4845,03:22:23
4846,03:22:23
4847,03:22:23
4848,03:22:24
4849,03:22:24
4850,03:22:24
4851,03:22:24
4852,03:22:25
4853,03:22:25
4854,03:22:26
4855,03:22:26
4856,03:22:26
4857,03:22:27
4858,03:22:27
4859,03:22:27
4860,03:22:27
4861,03:22:27
4862,03:22:28
4863,03:22:28
4864,03:22:28
4865,03:22:28
4866,03:22:29
4867,03:22:29
4868,03:22:29
4869,03:22:30
4870,03:22:30
4871,03:22:30
4872,03:22:30
4873,03:22:31
4874,03:22:32
4875,03:22:32
4876,03:22:32
4877,03:22:32
4878,03:22:33
4879,03:22:34
4880,03:22:35
4881,03:22:35
4882,03:22:35
4883,03:22:36
4884,03:22:36
4885,03:22:36
4886,03:22:36
4887,03:22:38
4888,03:22:38
4889,03:22:39
4890,03:22:39
4891,03:22:40
4892,03:22:40
4893,03:22:40
4894,03:22:41
4895,03:22:42
4896,03:22:42
4897,03:22:43
4898,03:22:43
4899,03:22:44
4900,03:22:44
4901,03:22:44
4902,03:22:44
4903,03:22:44
4904,03:22:44
4905,03:22:44
4906,03:22:44
4907,03:22:45
4908,03:22:45
4909,03:22:45
4910,03:22:45
4911,03:22:47
4912,03:22:47
4913,03:22:47
4914,03:22:47
4915,03:22:47
4916,03:22:48
4917,03:22:48
4918,03:22:48
4919,03:22:49
4920,03:22:49
4921,03:22:49
4922,03:22:49
4923,03:22:50
4924,03:22:50
4925,03:22:50
4926,03:22:51
4927,03:22:51
4928,03:22:51
4929,03:22:51
4930,03:22:51
4931,03:22:52
4932,03:22:52
4933,03:22:52
4934,03:22:52
4935,03:22:52
4936,03:22:52
4937,03:22:52
4938,03:22:53
4939,03:22:53
4940,03:22:53
4941,03:22:54
4942,03:22:54
4943,03:22:54
4944,03:22:54
4945,03:22:54
4946,03:22:54
4947,03:22:55
4948,03:22:56
4949,03:22:56
4950,03:22:56
4951,03:22:56
4952,03:22:57
4953,03:22:57
4954,03:22:57
4955,03:22:58
4956,03:22:58
4957,03:22:58
4958,03:22:59
4959,03:22:59
4960,03:23:00
4961,03:23:00
4962,03:23:01
4963,03:23:01
4964,03:23:01
4965,03:23:02
4966,03:23:02
4967,03:23:02
4968,03:23:02
4969,03:23:03
4970,03:23:03
4971,03:23:03
4972,03:23:03
4973,03:23:04
4974,03:23:04
4975,03:23:04
4976,03:23:04
4977,03:23:05
4978,03:23:05
4979,03:23:05
4980,03:23:05
4981,03:23:05
4982,03:23:05
4983,03:23:05
4984,03:23:06
4985,03:23:06
4986,03:23:06
4987,03:23:06
4988,03:23:06
4989,03:23:07
4990,03:23:07
4991,03:23:07
4992,03:23:07
4993,03:23:07
4994,03:23:07
4995,03:23:09
4996,03:23:09
4997,03:23:09
4998,03:23:10
4999,03:23:10
5000,03:23:11
5001,03:23:11
5002,03:23:11
5003,03:23:11
5004,03:23:12
5005,03:23:12
5006,03:23:12
5007,03:23:13
5008,03:23:13
5009,03:23:14
5010,03:23:14